customer_code,subject_id,source_index,source_id,output,output_sha256
CUS-EXP-001,fairface-0000,0,val-1,customer_images/CUS-EXP-001.jpg,d2eb51b19b971cbee84543038b235c14ba43e46876b839986c6035c3a28327e4
CUS-EXP-002,fairface-0001,1,val-2,customer_images/CUS-EXP-002.jpg,bab281e9cbe6fc913d2327f427c3a5941fc20e60ddd6bd229251dd2c93ba3ab6
CUS-EXP-003,fairface-0002,2,val-3,customer_images/CUS-EXP-003.jpg,72d97fc8522cb01e453d3ca16753e69caf9f894238b0ed2a165489b05107d919
CUS-EXP-004,fairface-0003,3,val-4,customer_images/CUS-EXP-004.jpg,bdd2a411fde306465c7e1a5b44cdfddffc08283f59bdf23cd30e5b82fb93a320
CUS-EXP-005,fairface-0004,4,val-5,customer_images/CUS-EXP-005.jpg,aca1c1d90699e258d057d5d7f2bfae2d57af26ae500f6357432b1f37086fa261
CUS-EXP-006,fairface-0005,5,val-6,customer_images/CUS-EXP-006.jpg,c3af53f79f5edd758817c25b0889dc10552a4de909227d51c2d80827b9739e02
CUS-EXP-007,fairface-0006,6,val-7,customer_images/CUS-EXP-007.jpg,37d410db76fb069e44d046e72b38c5d62cb6f3d9c6c96a306e992a2ea4df6281
CUS-EXP-008,fairface-0007,7,val-8,customer_images/CUS-EXP-008.jpg,c8578007d4c86c103f4266d1ed168c2ad3c8cb4e2e7870b0a7c70750d3cda3ff
CUS-EXP-009,fairface-0008,8,val-9,customer_images/CUS-EXP-009.jpg,2add8b47e9570a720eaefc7c2877327383701c893c42f1f78e65b909025a6f2d
CUS-EXP-010,fairface-0009,9,val-10,customer_images/CUS-EXP-010.jpg,ca40f4b94d367e48a09741f109e4f942aad52ea377e836076e404f62c6f07f1d
CUS-EXP-011,fairface-0010,10,val-11,customer_images/CUS-EXP-011.jpg,11afdc9644a9aebfc377b6344cb0500987db08e39abfb9f5f5422a9f3cab1203
CUS-EXP-012,fairface-0011,11,val-12,customer_images/CUS-EXP-012.jpg,46114606059138ada69dc287d11a0e02a8406a2ea190e838a53dc7bf74df0473
CUS-EXP-013,fairface-0012,12,val-13,customer_images/CUS-EXP-013.jpg,99806298e55fd201c640e7f46c6959d7ea614ccd2b1bf2ae137b4f4bec01bb96
CUS-EXP-014,fairface-0013,13,val-14,customer_images/CUS-EXP-014.jpg,724a2bc2828be8c7b7ff03cad10dc6d446de442cacb93333821ec7cda9c90274
CUS-EXP-015,fairface-0014,14,val-15,customer_images/CUS-EXP-015.jpg,b185fbb981e9d6504bc349f4cbb6e2b74eba4ae6a266fa3c2c5f05f540f847df
CUS-EXP-016,fairface-0015,15,val-16,customer_images/CUS-EXP-016.jpg,458491b661b9134b8e4069b1cd63f10d00d133e572cab7ff9f54ded838960c91
CUS-EXP-017,fairface-0016,16,val-17,customer_images/CUS-EXP-017.jpg,1c9d2c2aebc1c2d4681a9ae8513be8de746dc850b331d51f53420086f426aed9
CUS-EXP-018,fairface-0017,17,val-18,customer_images/CUS-EXP-018.jpg,c4a6cc566b1b6bb18aa149e71981f99e51e0cb83e975a49ced7cbe6c0640fc7f
CUS-EXP-019,fairface-0018,18,val-19,customer_images/CUS-EXP-019.jpg,15143641c6fc8a85cd3c64c2599c113ac84210f67fa31cc734fb1c6133e70c24
CUS-EXP-020,fairface-0019,19,val-20,customer_images/CUS-EXP-020.jpg,0143342ff6fe7e4fbfd33ff1418ad46ab44fd38340fdcc5899c4be64de1af012
CUS-EXP-021,fairface-0020,20,val-21,customer_images/CUS-EXP-021.jpg,521f7ac494abd332ce549cfe50c275293ab2cd92b28aaeae59f7f9038659faaf
CUS-EXP-022,fairface-0021,21,val-22,customer_images/CUS-EXP-022.jpg,5cf8fb07a745347bc4aa01cbee260eb36d208255ad1490fb65095c847b4d0bac
CUS-EXP-023,fairface-0022,22,val-23,customer_images/CUS-EXP-023.jpg,e51132c452c1dab5de0d85a0842872db5448b2d598a42171282f4425c350c209
CUS-EXP-024,fairface-0023,23,val-24,customer_images/CUS-EXP-024.jpg,2d52d12ebaeb7031f4998623bb1482073e9611420f9d4562210477b348adb2db
CUS-EXP-025,fairface-0024,24,val-25,customer_images/CUS-EXP-025.jpg,b74ab5436423aac8c939128b0f103d661be27dedefb77d046c9fef29853e8d4a
CUS-EXP-026,fairface-0025,25,val-26,customer_images/CUS-EXP-026.jpg,f161a349f007ea3c2fd7f50ed36128e89978c717d7588b177962fa1a34806468
CUS-EXP-027,fairface-0026,26,val-27,customer_images/CUS-EXP-027.jpg,e4ff2f31ce946dd21144ef55140b8ca4206c96c71b10a0ccf14295be8552804f
CUS-EXP-028,fairface-0027,27,val-28,customer_images/CUS-EXP-028.jpg,ce4c13f5e52f31dbcaf2ad3a447c35d5872ace14a5d6287084b87a92e2bee696
CUS-EXP-029,fairface-0028,28,val-29,customer_images/CUS-EXP-029.jpg,28862e12a8096485a946f5509758a528f73c3c3350d9e19dd38a52aaa373de78
CUS-EXP-030,fairface-0029,29,val-30,customer_images/CUS-EXP-030.jpg,ea766803d96550b9ea43a46ab60256dab79dde5959ba13bcfc5989ab9518ba9c
CUS-EXP-031,fairface-0030,30,val-31,customer_images/CUS-EXP-031.jpg,e239f9057e746b4559098aa25229783742c7cebf1233c79ad59ed814b05c9a97
CUS-EXP-032,fairface-0031,31,val-32,customer_images/CUS-EXP-032.jpg,ac9b3b398cf84e74a18b69496f5033546ce2854d421f3bac090c0555a99b1a3c
CUS-EXP-033,fairface-0032,32,val-33,customer_images/CUS-EXP-033.jpg,1b1404f192ba00993bad5fce9e3df99149e19ae856a526416ba777d18e4e48dc
CUS-EXP-034,fairface-0033,33,val-34,customer_images/CUS-EXP-034.jpg,c25ff41af66bc56cc14ed14297fa8d00a3fa621e6febfb4e60cbf653b5226d57
CUS-EXP-035,fairface-0034,34,val-35,customer_images/CUS-EXP-035.jpg,d74ccf3802047095f4e93c69953db6847e5fce6aed06b2f84404c8c27df4b011
CUS-EXP-036,fairface-0035,35,val-36,customer_images/CUS-EXP-036.jpg,cf2302ef6bf122e9b1545cabe59daf3bc4325b694abcf6b0f1174441fa54bf65
CUS-EXP-037,fairface-0036,36,val-37,customer_images/CUS-EXP-037.jpg,7dcbdd82a056372eb17d080c42d01c540f7d956fce31afe8c7384f13b88a6c17
CUS-EXP-038,fairface-0037,37,val-38,customer_images/CUS-EXP-038.jpg,bc9ecae9213ab9a3aea2355ae8f4612090a0b1cd7ddfa578464efb792bd4de56
CUS-EXP-039,fairface-0038,38,val-39,customer_images/CUS-EXP-039.jpg,cbabc8d1518bb4c6bc3f9d79ed64d0b02d3952343edbc4df27c6f1c3d64f6af1
CUS-EXP-040,fairface-0039,39,val-40,customer_images/CUS-EXP-040.jpg,0f03d20e1fae73f2204491de6a52a7a32d631bca8cda8e0431fd902c2d402d55
CUS-EXP-041,fairface-0040,40,val-41,customer_images/CUS-EXP-041.jpg,1838b5d1a0c931b0b33b216dce2627aef08b1a7d94b30fa8cecc978a6ede8a5d
CUS-EXP-042,fairface-0041,41,val-42,customer_images/CUS-EXP-042.jpg,7284f01d24ce211d7f75364c5bdcbe07956c8a43992807d50f6d73dbb32a56d6
CUS-EXP-043,fairface-0042,42,val-43,customer_images/CUS-EXP-043.jpg,02391a8ed607dad1c48e349c187796bdaba894a1614b9679afaef012e348374a
CUS-EXP-044,fairface-0043,43,val-44,customer_images/CUS-EXP-044.jpg,9c91e6c7138946d15d9adc5a226089f992b6acdcd65993ba975cbd5e40d7f74d
CUS-EXP-045,fairface-0044,44,val-45,customer_images/CUS-EXP-045.jpg,b373299885a70a8ecfef68fa6ca5555568f53e03f1248167ebdf5b8413f276db
CUS-EXP-046,fairface-0045,45,val-46,customer_images/CUS-EXP-046.jpg,341faff805321b91d7e65d83c807157da8499fdff2a0cfc873367868a9d9a8f2
CUS-EXP-047,fairface-0046,46,val-47,customer_images/CUS-EXP-047.jpg,b7b3db402a6f92e47f8280b7a9e0e3d1698c4dc6b9f55e3be2a1d642e84f2eb5
CUS-EXP-048,fairface-0047,47,val-48,customer_images/CUS-EXP-048.jpg,1f1048f10e169f59f5e879b6f9d2161a6299728f256138af90a6f7b728c91d03
CUS-EXP-049,fairface-0048,48,val-49,customer_images/CUS-EXP-049.jpg,e6984f9c6d9deb65549539e3bfdcd2f22f65923cb317f4e043e1ea7fb12b1626
CUS-EXP-050,fairface-0049,49,val-50,customer_images/CUS-EXP-050.jpg,120f96970c9f256a0538682aa27acb72e801ebedb9a73bae8e68519251e7864e
CUS-EXP-051,fairface-0050,50,val-51,customer_images/CUS-EXP-051.jpg,5cdcdf5f17960968c35a508f38f7cf867cd112315e2be4fa047348bca4d3bca1
CUS-EXP-052,fairface-0051,51,val-52,customer_images/CUS-EXP-052.jpg,c6d95325d84c1ce5f74bf8aabbe1d712ad730a2119c23d8e3c54594916e8cbe1
CUS-EXP-053,fairface-0052,52,val-53,customer_images/CUS-EXP-053.jpg,d86c988199272907b28ae16c4a5e6402a967a2f7a8c21396f5cb6ae5253da917
CUS-EXP-054,fairface-0053,53,val-54,customer_images/CUS-EXP-054.jpg,bd65a9e3a0f0a9cb39baabe71a0d92a546be6ee4083aa7d71293b34e18fd6761
CUS-EXP-055,fairface-0054,54,val-55,customer_images/CUS-EXP-055.jpg,c72b5528177144eccfbaccc28672473bc86f4b4bcccc153386309f2d6a760fbe
CUS-EXP-056,fairface-0055,55,val-56,customer_images/CUS-EXP-056.jpg,f70d440dabe620c758e53fb57a597814c8c27c4b6591511cdd4419e59f0b871e
CUS-EXP-057,fairface-0056,56,val-57,customer_images/CUS-EXP-057.jpg,f28ce68b057e88bcd4b44d93b77deed3747d0b76d6096d862a7c5475a4ff09c5
CUS-EXP-058,fairface-0057,57,val-58,customer_images/CUS-EXP-058.jpg,26636927e799d7d584815f28393a1db7335e20ed82ff828f3ac742728aa2d894
CUS-EXP-059,fairface-0058,58,val-59,customer_images/CUS-EXP-059.jpg,a5df37441e1f2b46851d68b4f9aa0d8527a32b04d8ea86d1326eac4c4a03e8c4
CUS-EXP-060,fairface-0059,59,val-60,customer_images/CUS-EXP-060.jpg,bfcb49337eec92db159b93925638c69fa236509b88294cbee34ad9cc3c6ac687
CUS-EXP-061,fairface-0060,60,val-61,customer_images/CUS-EXP-061.jpg,b1abc0973073dd31c94b14062b32edd157726cf177039e7c648e00c053f232ec
CUS-EXP-062,fairface-0061,61,val-62,customer_images/CUS-EXP-062.jpg,182ac9e072c5f4dcbb585ce111214d65fd0f1f426fa266b1a5d795799090b67b
CUS-EXP-063,fairface-0062,62,val-63,customer_images/CUS-EXP-063.jpg,40abb998fa7707e3b37cb23bd33dd0f4fba33083d783561daa72ca38a1a68cc6
CUS-EXP-064,fairface-0063,63,val-64,customer_images/CUS-EXP-064.jpg,185da7253d912eb901846d6c2308832a6620afbe18ddf1bebf274e96889c165f
CUS-EXP-065,fairface-0064,64,val-65,customer_images/CUS-EXP-065.jpg,f0c1350e6a0b0067602068bfe8f21f4d1a78ba54e690e32e809b5c5c805b9192
CUS-EXP-066,fairface-0065,65,val-66,customer_images/CUS-EXP-066.jpg,c7b295b7c46f837eb165e9f8ad46688965aaec6e3ddbb8043b8a0da73e7b652c
CUS-EXP-067,fairface-0066,66,val-67,customer_images/CUS-EXP-067.jpg,548de9f8d41d01a48e54066262d1520bb816a39273843806fbefc84071e75bec
CUS-EXP-068,fairface-0067,67,val-68,customer_images/CUS-EXP-068.jpg,5d90fe1da2eb9f4d0c146496c5f92ab3449104d1b306ff3b235ce5660c94dbdc
CUS-EXP-069,fairface-0068,68,val-69,customer_images/CUS-EXP-069.jpg,862cbbccd50d46eef1b9a2115d66a91a6498f6b3ecfbc7474b90e3ea7f145248
CUS-EXP-070,fairface-0069,69,val-70,customer_images/CUS-EXP-070.jpg,e14dce83c0af85470d126e3808e7650655633c13f486d5795158df476246eb21
CUS-EXP-071,fairface-0070,70,val-71,customer_images/CUS-EXP-071.jpg,ec5fa4f1a5392eefcf88b7d484f5265919b40d8cf1bc6e31c867aed6f6e255d2
CUS-EXP-072,fairface-0071,71,val-72,customer_images/CUS-EXP-072.jpg,d44db8e0b2fcc4801357670bedffa8735b72632fa343ac21f7f85e885cc478da
CUS-EXP-073,fairface-0072,72,val-73,customer_images/CUS-EXP-073.jpg,9935a6bc7a17bd3550207b6f1a795f06363c538ddfe8a6303a2e91b3e4629eb2
CUS-EXP-074,fairface-0073,73,val-74,customer_images/CUS-EXP-074.jpg,48ebf9dc6eb3dca087b497ef77e1a6cae3f78cadde16259967cf97c6807edee4
CUS-EXP-075,fairface-0074,74,val-75,customer_images/CUS-EXP-075.jpg,df8a210174a5f201a34d6f0173ed56e73f3d41c34f297ce69df05801e0e8fedb
CUS-EXP-076,fairface-0075,75,val-76,customer_images/CUS-EXP-076.jpg,93a8ec514fdfdd3fc649ae4aab9c8d1182a9a1aca67f452ae357e8b45fec24ba
CUS-EXP-077,fairface-0076,76,val-77,customer_images/CUS-EXP-077.jpg,57536c912617f3f1e00780b8ab2a71824d8b83b6449a9db8acac0678640ec58c
CUS-EXP-078,fairface-0077,77,val-78,customer_images/CUS-EXP-078.jpg,21bfb297e0638176edd4df382c5f05f92bcdeab1fece7736be38b3b4a95f65d7
CUS-EXP-079,fairface-0078,78,val-79,customer_images/CUS-EXP-079.jpg,52fefd64871a529cf0e5a643fa47fd02a30e5049a7f8c69ddf550887996c4aa7
CUS-EXP-080,fairface-0079,79,val-80,customer_images/CUS-EXP-080.jpg,1d7ed165ff6a7556c78230839fddbf315b13e8caa50f1db71c84e0deccc4d313
CUS-EXP-081,fairface-0080,80,val-81,customer_images/CUS-EXP-081.jpg,6c8fb751767785d95450f97484eefc7fbd2afed7c11d6ddc03d2301d6e8db551
CUS-EXP-082,fairface-0081,81,val-82,customer_images/CUS-EXP-082.jpg,280b761157374d9dd23ec24bb8a80e7fb5e65ccb25b71a216f94946867733cca
CUS-EXP-083,fairface-0082,82,val-83,customer_images/CUS-EXP-083.jpg,c7f74a937ddb7d01e370bd4d7a97e0357378e8de54bf96da9d8d2b5244572896
CUS-EXP-084,fairface-0083,83,val-84,customer_images/CUS-EXP-084.jpg,cbc2bc7f45483ca8938a615621321369d76786232e31c02b691d262da4809d26
CUS-EXP-085,fairface-0084,84,val-85,customer_images/CUS-EXP-085.jpg,6dd5b8f772c2c4fabdc672609640ced3249c5bd6e2b2457710df69cab6c7f9a7
CUS-EXP-086,fairface-0085,85,val-86,customer_images/CUS-EXP-086.jpg,d24c8d7bc63cd988282fe01abbd4df0dc476919af91622e3d37b7400b698f7ee
CUS-EXP-087,fairface-0086,86,val-87,customer_images/CUS-EXP-087.jpg,d12d5c78e52686549b26ae7f510d58ee381b4fd157629a9141ce445e55fbfea3
CUS-EXP-088,fairface-0087,87,val-88,customer_images/CUS-EXP-088.jpg,9b6f86ace90c816d354f4e54b57c0a79668654c91dcd056feefcac2a725a25f5
CUS-EXP-089,fairface-0088,88,val-89,customer_images/CUS-EXP-089.jpg,005f59a43c10088309a91417c5c9d06aa7f2852b21f224959ad99e65f53c0df7
CUS-EXP-090,fairface-0089,89,val-90,customer_images/CUS-EXP-090.jpg,1cdb4d3c12188f58e4f155fdcb55d1e0077250cd2ba2cf802b4c0aa74efebcea
CUS-EXP-091,fairface-0090,90,val-91,customer_images/CUS-EXP-091.jpg,2a3b5e86777f00293acdb49aae095066b649a17f022454a912c617d99806dd8c
CUS-EXP-092,fairface-0091,91,val-92,customer_images/CUS-EXP-092.jpg,c76770bbe546b3fb001fccdddbec1502f45d8d33bcf2d7d98184308a4c886175
CUS-EXP-093,fairface-0093,93,val-94,customer_images/CUS-EXP-093.jpg,f8f2a5b7878922f19d159e1070123f30c10a3574934f69039aea7ee0aff50104
CUS-EXP-094,fairface-0094,94,val-95,customer_images/CUS-EXP-094.jpg,91c0070117f2102d5d9a6ef23baa1701f1214eb9206c2f957336036995f1a8b2
CUS-EXP-095,fairface-0095,95,val-96,customer_images/CUS-EXP-095.jpg,f445b296eb2f8c18b669c61c1882bfa9d2b7324a70d58a68fa53ac0eb59b33dd
CUS-EXP-096,fairface-0096,96,val-97,customer_images/CUS-EXP-096.jpg,9b8c2b298963885285362959e6d56d6711a560b766fe388a1120efcc79fbec27
CUS-EXP-097,fairface-0097,97,val-98,customer_images/CUS-EXP-097.jpg,ab421d9aae0cb0fc7411ba862fa7572d353848b0b142e7d8bdbd3559e10dd548
CUS-EXP-098,fairface-0098,98,val-99,customer_images/CUS-EXP-098.jpg,47d766b4b06ce9f2f13da61077cd546b7f54f703dd5a238cac8bd3c6f6662efd
CUS-EXP-099,fairface-0099,99,val-100,customer_images/CUS-EXP-099.jpg,25de5648a3e3e9b1fbe1f1daeafef13c9889cf5e64897f1089445754896e23e5
CUS-EXP-100,fairface-0110,110,val-111,customer_images/CUS-EXP-100.jpg,9009477f28ca67bdb13adbbeae4807c1e3d052cd9eb7691b5de1c146d666bafc
