customer_code,full_name,phone,email,subject_id,profile_image_url
CUS-EXP-001,Khách hàng thực nghiệm 001,0900000001,customer001@example.com,fairface-0000,/demo/customers/CUS-EXP-001.jpg
CUS-EXP-002,Khách hàng thực nghiệm 002,0900000002,customer002@example.com,fairface-0001,/demo/customers/CUS-EXP-002.jpg
CUS-EXP-003,Khách hàng thực nghiệm 003,0900000003,customer003@example.com,fairface-0002,/demo/customers/CUS-EXP-003.jpg
CUS-EXP-004,Khách hàng thực nghiệm 004,0900000004,customer004@example.com,fairface-0003,/demo/customers/CUS-EXP-004.jpg
CUS-EXP-005,Khách hàng thực nghiệm 005,0900000005,customer005@example.com,fairface-0004,/demo/customers/CUS-EXP-005.jpg
CUS-EXP-006,Khách hàng thực nghiệm 006,0900000006,customer006@example.com,fairface-0005,/demo/customers/CUS-EXP-006.jpg
CUS-EXP-007,Khách hàng thực nghiệm 007,0900000007,customer007@example.com,fairface-0006,/demo/customers/CUS-EXP-007.jpg
CUS-EXP-008,Khách hàng thực nghiệm 008,0900000008,customer008@example.com,fairface-0007,/demo/customers/CUS-EXP-008.jpg
CUS-EXP-009,Khách hàng thực nghiệm 009,0900000009,customer009@example.com,fairface-0008,/demo/customers/CUS-EXP-009.jpg
CUS-EXP-010,Khách hàng thực nghiệm 010,0900000010,customer010@example.com,fairface-0009,/demo/customers/CUS-EXP-010.jpg
CUS-EXP-011,Khách hàng thực nghiệm 011,0900000011,customer011@example.com,fairface-0010,/demo/customers/CUS-EXP-011.jpg
CUS-EXP-012,Khách hàng thực nghiệm 012,0900000012,customer012@example.com,fairface-0011,/demo/customers/CUS-EXP-012.jpg
CUS-EXP-013,Khách hàng thực nghiệm 013,0900000013,customer013@example.com,fairface-0012,/demo/customers/CUS-EXP-013.jpg
CUS-EXP-014,Khách hàng thực nghiệm 014,0900000014,customer014@example.com,fairface-0013,/demo/customers/CUS-EXP-014.jpg
CUS-EXP-015,Khách hàng thực nghiệm 015,0900000015,customer015@example.com,fairface-0014,/demo/customers/CUS-EXP-015.jpg
CUS-EXP-016,Khách hàng thực nghiệm 016,0900000016,customer016@example.com,fairface-0015,/demo/customers/CUS-EXP-016.jpg
CUS-EXP-017,Khách hàng thực nghiệm 017,0900000017,customer017@example.com,fairface-0016,/demo/customers/CUS-EXP-017.jpg
CUS-EXP-018,Khách hàng thực nghiệm 018,0900000018,customer018@example.com,fairface-0017,/demo/customers/CUS-EXP-018.jpg
CUS-EXP-019,Khách hàng thực nghiệm 019,0900000019,customer019@example.com,fairface-0018,/demo/customers/CUS-EXP-019.jpg
CUS-EXP-020,Khách hàng thực nghiệm 020,0900000020,customer020@example.com,fairface-0019,/demo/customers/CUS-EXP-020.jpg
CUS-EXP-021,Khách hàng thực nghiệm 021,0900000021,customer021@example.com,fairface-0020,/demo/customers/CUS-EXP-021.jpg
CUS-EXP-022,Khách hàng thực nghiệm 022,0900000022,customer022@example.com,fairface-0021,/demo/customers/CUS-EXP-022.jpg
CUS-EXP-023,Khách hàng thực nghiệm 023,0900000023,customer023@example.com,fairface-0022,/demo/customers/CUS-EXP-023.jpg
CUS-EXP-024,Khách hàng thực nghiệm 024,0900000024,customer024@example.com,fairface-0023,/demo/customers/CUS-EXP-024.jpg
CUS-EXP-025,Khách hàng thực nghiệm 025,0900000025,customer025@example.com,fairface-0024,/demo/customers/CUS-EXP-025.jpg
CUS-EXP-026,Khách hàng thực nghiệm 026,0900000026,customer026@example.com,fairface-0025,/demo/customers/CUS-EXP-026.jpg
CUS-EXP-027,Khách hàng thực nghiệm 027,0900000027,customer027@example.com,fairface-0026,/demo/customers/CUS-EXP-027.jpg
CUS-EXP-028,Khách hàng thực nghiệm 028,0900000028,customer028@example.com,fairface-0027,/demo/customers/CUS-EXP-028.jpg
CUS-EXP-029,Khách hàng thực nghiệm 029,0900000029,customer029@example.com,fairface-0028,/demo/customers/CUS-EXP-029.jpg
CUS-EXP-030,Khách hàng thực nghiệm 030,0900000030,customer030@example.com,fairface-0029,/demo/customers/CUS-EXP-030.jpg
CUS-EXP-031,Khách hàng thực nghiệm 031,0900000031,customer031@example.com,fairface-0030,/demo/customers/CUS-EXP-031.jpg
CUS-EXP-032,Khách hàng thực nghiệm 032,0900000032,customer032@example.com,fairface-0031,/demo/customers/CUS-EXP-032.jpg
CUS-EXP-033,Khách hàng thực nghiệm 033,0900000033,customer033@example.com,fairface-0032,/demo/customers/CUS-EXP-033.jpg
CUS-EXP-034,Khách hàng thực nghiệm 034,0900000034,customer034@example.com,fairface-0033,/demo/customers/CUS-EXP-034.jpg
CUS-EXP-035,Khách hàng thực nghiệm 035,0900000035,customer035@example.com,fairface-0034,/demo/customers/CUS-EXP-035.jpg
CUS-EXP-036,Khách hàng thực nghiệm 036,0900000036,customer036@example.com,fairface-0035,/demo/customers/CUS-EXP-036.jpg
CUS-EXP-037,Khách hàng thực nghiệm 037,0900000037,customer037@example.com,fairface-0036,/demo/customers/CUS-EXP-037.jpg
CUS-EXP-038,Khách hàng thực nghiệm 038,0900000038,customer038@example.com,fairface-0037,/demo/customers/CUS-EXP-038.jpg
CUS-EXP-039,Khách hàng thực nghiệm 039,0900000039,customer039@example.com,fairface-0038,/demo/customers/CUS-EXP-039.jpg
CUS-EXP-040,Khách hàng thực nghiệm 040,0900000040,customer040@example.com,fairface-0039,/demo/customers/CUS-EXP-040.jpg
CUS-EXP-041,Khách hàng thực nghiệm 041,0900000041,customer041@example.com,fairface-0040,/demo/customers/CUS-EXP-041.jpg
CUS-EXP-042,Khách hàng thực nghiệm 042,0900000042,customer042@example.com,fairface-0041,/demo/customers/CUS-EXP-042.jpg
CUS-EXP-043,Khách hàng thực nghiệm 043,0900000043,customer043@example.com,fairface-0042,/demo/customers/CUS-EXP-043.jpg
CUS-EXP-044,Khách hàng thực nghiệm 044,0900000044,customer044@example.com,fairface-0043,/demo/customers/CUS-EXP-044.jpg
CUS-EXP-045,Khách hàng thực nghiệm 045,0900000045,customer045@example.com,fairface-0044,/demo/customers/CUS-EXP-045.jpg
CUS-EXP-046,Khách hàng thực nghiệm 046,0900000046,customer046@example.com,fairface-0045,/demo/customers/CUS-EXP-046.jpg
CUS-EXP-047,Khách hàng thực nghiệm 047,0900000047,customer047@example.com,fairface-0046,/demo/customers/CUS-EXP-047.jpg
CUS-EXP-048,Khách hàng thực nghiệm 048,0900000048,customer048@example.com,fairface-0047,/demo/customers/CUS-EXP-048.jpg
CUS-EXP-049,Khách hàng thực nghiệm 049,0900000049,customer049@example.com,fairface-0048,/demo/customers/CUS-EXP-049.jpg
CUS-EXP-050,Khách hàng thực nghiệm 050,0900000050,customer050@example.com,fairface-0049,/demo/customers/CUS-EXP-050.jpg
CUS-EXP-051,Khách hàng thực nghiệm 051,0900000051,customer051@example.com,fairface-0050,/demo/customers/CUS-EXP-051.jpg
CUS-EXP-052,Khách hàng thực nghiệm 052,0900000052,customer052@example.com,fairface-0051,/demo/customers/CUS-EXP-052.jpg
CUS-EXP-053,Khách hàng thực nghiệm 053,0900000053,customer053@example.com,fairface-0052,/demo/customers/CUS-EXP-053.jpg
CUS-EXP-054,Khách hàng thực nghiệm 054,0900000054,customer054@example.com,fairface-0053,/demo/customers/CUS-EXP-054.jpg
CUS-EXP-055,Khách hàng thực nghiệm 055,0900000055,customer055@example.com,fairface-0054,/demo/customers/CUS-EXP-055.jpg
CUS-EXP-056,Khách hàng thực nghiệm 056,0900000056,customer056@example.com,fairface-0055,/demo/customers/CUS-EXP-056.jpg
CUS-EXP-057,Khách hàng thực nghiệm 057,0900000057,customer057@example.com,fairface-0056,/demo/customers/CUS-EXP-057.jpg
CUS-EXP-058,Khách hàng thực nghiệm 058,0900000058,customer058@example.com,fairface-0057,/demo/customers/CUS-EXP-058.jpg
CUS-EXP-059,Khách hàng thực nghiệm 059,0900000059,customer059@example.com,fairface-0058,/demo/customers/CUS-EXP-059.jpg
CUS-EXP-060,Khách hàng thực nghiệm 060,0900000060,customer060@example.com,fairface-0059,/demo/customers/CUS-EXP-060.jpg
CUS-EXP-061,Khách hàng thực nghiệm 061,0900000061,customer061@example.com,fairface-0060,/demo/customers/CUS-EXP-061.jpg
CUS-EXP-062,Khách hàng thực nghiệm 062,0900000062,customer062@example.com,fairface-0061,/demo/customers/CUS-EXP-062.jpg
CUS-EXP-063,Khách hàng thực nghiệm 063,0900000063,customer063@example.com,fairface-0062,/demo/customers/CUS-EXP-063.jpg
CUS-EXP-064,Khách hàng thực nghiệm 064,0900000064,customer064@example.com,fairface-0063,/demo/customers/CUS-EXP-064.jpg
CUS-EXP-065,Khách hàng thực nghiệm 065,0900000065,customer065@example.com,fairface-0064,/demo/customers/CUS-EXP-065.jpg
CUS-EXP-066,Khách hàng thực nghiệm 066,0900000066,customer066@example.com,fairface-0065,/demo/customers/CUS-EXP-066.jpg
CUS-EXP-067,Khách hàng thực nghiệm 067,0900000067,customer067@example.com,fairface-0066,/demo/customers/CUS-EXP-067.jpg
CUS-EXP-068,Khách hàng thực nghiệm 068,0900000068,customer068@example.com,fairface-0067,/demo/customers/CUS-EXP-068.jpg
CUS-EXP-069,Khách hàng thực nghiệm 069,0900000069,customer069@example.com,fairface-0068,/demo/customers/CUS-EXP-069.jpg
CUS-EXP-070,Khách hàng thực nghiệm 070,0900000070,customer070@example.com,fairface-0069,/demo/customers/CUS-EXP-070.jpg
CUS-EXP-071,Khách hàng thực nghiệm 071,0900000071,customer071@example.com,fairface-0070,/demo/customers/CUS-EXP-071.jpg
CUS-EXP-072,Khách hàng thực nghiệm 072,0900000072,customer072@example.com,fairface-0071,/demo/customers/CUS-EXP-072.jpg
CUS-EXP-073,Khách hàng thực nghiệm 073,0900000073,customer073@example.com,fairface-0072,/demo/customers/CUS-EXP-073.jpg
CUS-EXP-074,Khách hàng thực nghiệm 074,0900000074,customer074@example.com,fairface-0073,/demo/customers/CUS-EXP-074.jpg
CUS-EXP-075,Khách hàng thực nghiệm 075,0900000075,customer075@example.com,fairface-0074,/demo/customers/CUS-EXP-075.jpg
CUS-EXP-076,Khách hàng thực nghiệm 076,0900000076,customer076@example.com,fairface-0075,/demo/customers/CUS-EXP-076.jpg
CUS-EXP-077,Khách hàng thực nghiệm 077,0900000077,customer077@example.com,fairface-0076,/demo/customers/CUS-EXP-077.jpg
CUS-EXP-078,Khách hàng thực nghiệm 078,0900000078,customer078@example.com,fairface-0077,/demo/customers/CUS-EXP-078.jpg
CUS-EXP-079,Khách hàng thực nghiệm 079,0900000079,customer079@example.com,fairface-0078,/demo/customers/CUS-EXP-079.jpg
CUS-EXP-080,Khách hàng thực nghiệm 080,0900000080,customer080@example.com,fairface-0079,/demo/customers/CUS-EXP-080.jpg
CUS-EXP-081,Khách hàng thực nghiệm 081,0900000081,customer081@example.com,fairface-0080,/demo/customers/CUS-EXP-081.jpg
CUS-EXP-082,Khách hàng thực nghiệm 082,0900000082,customer082@example.com,fairface-0081,/demo/customers/CUS-EXP-082.jpg
CUS-EXP-083,Khách hàng thực nghiệm 083,0900000083,customer083@example.com,fairface-0082,/demo/customers/CUS-EXP-083.jpg
CUS-EXP-084,Khách hàng thực nghiệm 084,0900000084,customer084@example.com,fairface-0083,/demo/customers/CUS-EXP-084.jpg
CUS-EXP-085,Khách hàng thực nghiệm 085,0900000085,customer085@example.com,fairface-0084,/demo/customers/CUS-EXP-085.jpg
CUS-EXP-086,Khách hàng thực nghiệm 086,0900000086,customer086@example.com,fairface-0085,/demo/customers/CUS-EXP-086.jpg
CUS-EXP-087,Khách hàng thực nghiệm 087,0900000087,customer087@example.com,fairface-0086,/demo/customers/CUS-EXP-087.jpg
CUS-EXP-088,Khách hàng thực nghiệm 088,0900000088,customer088@example.com,fairface-0087,/demo/customers/CUS-EXP-088.jpg
CUS-EXP-089,Khách hàng thực nghiệm 089,0900000089,customer089@example.com,fairface-0088,/demo/customers/CUS-EXP-089.jpg
CUS-EXP-090,Khách hàng thực nghiệm 090,0900000090,customer090@example.com,fairface-0089,/demo/customers/CUS-EXP-090.jpg
CUS-EXP-091,Khách hàng thực nghiệm 091,0900000091,customer091@example.com,fairface-0090,/demo/customers/CUS-EXP-091.jpg
CUS-EXP-092,Khách hàng thực nghiệm 092,0900000092,customer092@example.com,fairface-0091,/demo/customers/CUS-EXP-092.jpg
CUS-EXP-093,Khách hàng thực nghiệm 093,0900000093,customer093@example.com,fairface-0093,/demo/customers/CUS-EXP-093.jpg
CUS-EXP-094,Khách hàng thực nghiệm 094,0900000094,customer094@example.com,fairface-0094,/demo/customers/CUS-EXP-094.jpg
CUS-EXP-095,Khách hàng thực nghiệm 095,0900000095,customer095@example.com,fairface-0095,/demo/customers/CUS-EXP-095.jpg
CUS-EXP-096,Khách hàng thực nghiệm 096,0900000096,customer096@example.com,fairface-0096,/demo/customers/CUS-EXP-096.jpg
CUS-EXP-097,Khách hàng thực nghiệm 097,0900000097,customer097@example.com,fairface-0097,/demo/customers/CUS-EXP-097.jpg
CUS-EXP-098,Khách hàng thực nghiệm 098,0900000098,customer098@example.com,fairface-0098,/demo/customers/CUS-EXP-098.jpg
CUS-EXP-099,Khách hàng thực nghiệm 099,0900000099,customer099@example.com,fairface-0099,/demo/customers/CUS-EXP-099.jpg
CUS-EXP-100,Khách hàng thực nghiệm 100,0900000100,customer100@example.com,fairface-0110,/demo/customers/CUS-EXP-100.jpg
