scenario_id,event_id,expected_customer_code,expected_visit_key,touchpoint_code,observed_at,image_path,expected_image_status,expected_identity_status,expected_face_count,source_subject_id,source_condition
EXP-IDENTITY-001,exp-identity-001-1,CUS-EXP-001,VISIT-EXP-IDENTITY-001,TP-ENTRANCE,2026-09-22T09:00:00+07:00,observations/fairface-0000/01.jpg,VALID,MATCHED,1,fairface-0000,transform-1
EXP-IDENTITY-001,exp-identity-001-2,CUS-EXP-001,VISIT-EXP-IDENTITY-001,TP-DISPLAY,2026-09-22T09:05:00+07:00,observations/fairface-0000/02.jpg,VALID,MATCHED,1,fairface-0000,transform-2
EXP-IDENTITY-001,exp-identity-001-3,CUS-EXP-001,VISIT-EXP-IDENTITY-001,TP-CONSULT,2026-09-22T09:10:00+07:00,observations/fairface-0000/03.jpg,VALID,MATCHED,1,fairface-0000,transform-3
EXP-IDENTITY-001,exp-identity-001-4,CUS-EXP-001,VISIT-EXP-IDENTITY-001,TP-CHECKOUT,2026-09-22T09:15:00+07:00,observations/fairface-0000/04.jpg,VALID,MATCHED,1,fairface-0000,transform-4
EXP-IDENTITY-002,exp-identity-002-1,CUS-EXP-002,VISIT-EXP-IDENTITY-002,TP-ENTRANCE,2026-09-22T09:40:00+07:00,observations/fairface-0001/01.jpg,VALID,MATCHED,1,fairface-0001,transform-1
EXP-IDENTITY-002,exp-identity-002-2,CUS-EXP-002,VISIT-EXP-IDENTITY-002,TP-DISPLAY,2026-09-22T09:45:00+07:00,observations/fairface-0001/02.jpg,VALID,MATCHED,1,fairface-0001,transform-2
EXP-IDENTITY-002,exp-identity-002-3,CUS-EXP-002,VISIT-EXP-IDENTITY-002,TP-CONSULT,2026-09-22T09:50:00+07:00,observations/fairface-0001/03.jpg,VALID,MATCHED,1,fairface-0001,transform-3
EXP-IDENTITY-002,exp-identity-002-4,CUS-EXP-002,VISIT-EXP-IDENTITY-002,TP-CHECKOUT,2026-09-22T09:55:00+07:00,observations/fairface-0001/04.jpg,VALID,MATCHED,1,fairface-0001,transform-4
EXP-IDENTITY-003,exp-identity-003-1,CUS-EXP-003,VISIT-EXP-IDENTITY-003,TP-ENTRANCE,2026-09-22T10:20:00+07:00,observations/fairface-0002/01.jpg,VALID,MATCHED,1,fairface-0002,transform-1
EXP-IDENTITY-003,exp-identity-003-2,CUS-EXP-003,VISIT-EXP-IDENTITY-003,TP-DISPLAY,2026-09-22T10:25:00+07:00,observations/fairface-0002/02.jpg,VALID,MATCHED,1,fairface-0002,transform-2
EXP-IDENTITY-003,exp-identity-003-3,CUS-EXP-003,VISIT-EXP-IDENTITY-003,TP-CONSULT,2026-09-22T10:30:00+07:00,observations/fairface-0002/03.jpg,VALID,MATCHED,1,fairface-0002,transform-3
EXP-IDENTITY-003,exp-identity-003-4,CUS-EXP-003,VISIT-EXP-IDENTITY-003,TP-CHECKOUT,2026-09-22T10:35:00+07:00,observations/fairface-0002/04.jpg,VALID,MATCHED,1,fairface-0002,transform-4
EXP-IDENTITY-004,exp-identity-004-1,CUS-EXP-004,VISIT-EXP-IDENTITY-004,TP-ENTRANCE,2026-09-22T11:00:00+07:00,observations/fairface-0003/01.jpg,VALID,MATCHED,1,fairface-0003,transform-1
EXP-IDENTITY-004,exp-identity-004-2,CUS-EXP-004,VISIT-EXP-IDENTITY-004,TP-DISPLAY,2026-09-22T11:05:00+07:00,observations/fairface-0003/02.jpg,VALID,MATCHED,1,fairface-0003,transform-2
EXP-IDENTITY-004,exp-identity-004-3,CUS-EXP-004,VISIT-EXP-IDENTITY-004,TP-CONSULT,2026-09-22T11:10:00+07:00,observations/fairface-0003/03.jpg,VALID,MATCHED,1,fairface-0003,transform-3
EXP-IDENTITY-004,exp-identity-004-4,CUS-EXP-004,VISIT-EXP-IDENTITY-004,TP-CHECKOUT,2026-09-22T11:15:00+07:00,observations/fairface-0003/04.jpg,VALID,MATCHED,1,fairface-0003,transform-4
EXP-IDENTITY-005,exp-identity-005-1,CUS-EXP-005,VISIT-EXP-IDENTITY-005,TP-ENTRANCE,2026-09-22T11:40:00+07:00,observations/fairface-0004/01.jpg,VALID,MATCHED,1,fairface-0004,transform-1
EXP-IDENTITY-005,exp-identity-005-2,CUS-EXP-005,VISIT-EXP-IDENTITY-005,TP-DISPLAY,2026-09-22T11:45:00+07:00,observations/fairface-0004/02.jpg,VALID,MATCHED,1,fairface-0004,transform-2
EXP-IDENTITY-005,exp-identity-005-3,CUS-EXP-005,VISIT-EXP-IDENTITY-005,TP-CONSULT,2026-09-22T11:50:00+07:00,observations/fairface-0004/03.jpg,VALID,MATCHED,1,fairface-0004,transform-3
EXP-IDENTITY-005,exp-identity-005-4,CUS-EXP-005,VISIT-EXP-IDENTITY-005,TP-CHECKOUT,2026-09-22T11:55:00+07:00,observations/fairface-0004/04.jpg,VALID,MATCHED,1,fairface-0004,transform-4
EXP-IDENTITY-006,exp-identity-006-1,CUS-EXP-006,VISIT-EXP-IDENTITY-006,TP-DISPLAY,2026-09-22T12:20:00+07:00,observations/fairface-0005/01.jpg,VALID,MATCHED,1,fairface-0005,transform-1
EXP-IDENTITY-007,exp-identity-007-1,CUS-EXP-007,VISIT-EXP-IDENTITY-007,TP-CONSULT,2026-09-22T13:00:00+07:00,observations/fairface-0006/01.jpg,VALID,MATCHED,1,fairface-0006,transform-1
EXP-IDENTITY-008,exp-identity-008-1,CUS-EXP-008,VISIT-EXP-IDENTITY-008,TP-CHECKOUT,2026-09-22T13:40:00+07:00,observations/fairface-0007/01.jpg,VALID,MATCHED,1,fairface-0007,transform-1
EXP-IDENTITY-009,exp-identity-009-1,CUS-EXP-009,VISIT-EXP-IDENTITY-009,TP-ENTRANCE,2026-09-22T14:20:00+07:00,observations/fairface-0008/01.jpg,VALID,MATCHED,1,fairface-0008,transform-1
EXP-IDENTITY-010,exp-identity-010-1,CUS-EXP-010,VISIT-EXP-IDENTITY-010,TP-DISPLAY,2026-09-22T15:00:00+07:00,observations/fairface-0009/01.jpg,VALID,MATCHED,1,fairface-0009,transform-1
EXP-IDENTITY-011,exp-identity-011-1,CUS-EXP-011,VISIT-EXP-IDENTITY-011,TP-CONSULT,2026-09-22T15:40:00+07:00,observations/fairface-0010/01.jpg,VALID,MATCHED,1,fairface-0010,transform-1
EXP-IDENTITY-012,exp-identity-012-1,CUS-EXP-012,VISIT-EXP-IDENTITY-012,TP-CHECKOUT,2026-09-22T16:20:00+07:00,observations/fairface-0011/01.jpg,VALID,MATCHED,1,fairface-0011,transform-1
EXP-IDENTITY-013,exp-identity-013-1,CUS-EXP-013,VISIT-EXP-IDENTITY-013,TP-ENTRANCE,2026-09-22T17:00:00+07:00,observations/fairface-0012/01.jpg,VALID,MATCHED,1,fairface-0012,transform-1
EXP-IDENTITY-014,exp-identity-014-1,CUS-EXP-014,VISIT-EXP-IDENTITY-014,TP-DISPLAY,2026-09-22T17:40:00+07:00,observations/fairface-0013/01.jpg,VALID,MATCHED,1,fairface-0013,transform-1
EXP-IDENTITY-015,exp-identity-015-1,CUS-EXP-015,VISIT-EXP-IDENTITY-015,TP-CONSULT,2026-09-22T18:20:00+07:00,observations/fairface-0014/01.jpg,VALID,MATCHED,1,fairface-0014,transform-1
EXP-IDENTITY-016,exp-identity-016-1,CUS-EXP-016,VISIT-EXP-IDENTITY-016,TP-CHECKOUT,2026-09-22T19:00:00+07:00,observations/fairface-0015/01.jpg,VALID,MATCHED,1,fairface-0015,transform-1
EXP-IDENTITY-017,exp-identity-017-1,CUS-EXP-017,VISIT-EXP-IDENTITY-017,TP-ENTRANCE,2026-09-22T19:40:00+07:00,observations/fairface-0016/01.jpg,VALID,MATCHED,1,fairface-0016,transform-1
EXP-IDENTITY-018,exp-identity-018-1,CUS-EXP-018,VISIT-EXP-IDENTITY-018,TP-DISPLAY,2026-09-22T20:20:00+07:00,observations/fairface-0017/01.jpg,VALID,MATCHED,1,fairface-0017,transform-1
EXP-IDENTITY-019,exp-identity-019-1,CUS-EXP-019,VISIT-EXP-IDENTITY-019,TP-CONSULT,2026-09-22T21:00:00+07:00,observations/fairface-0018/01.jpg,VALID,MATCHED,1,fairface-0018,transform-1
EXP-IDENTITY-020,exp-identity-020-1,CUS-EXP-020,VISIT-EXP-IDENTITY-020,TP-CHECKOUT,2026-09-22T21:40:00+07:00,observations/fairface-0019/01.jpg,VALID,MATCHED,1,fairface-0019,transform-1
EXP-IDENTITY-021,exp-identity-021-1,CUS-EXP-021,VISIT-EXP-IDENTITY-021,TP-ENTRANCE,2026-09-22T22:20:00+07:00,observations/fairface-0020/01.jpg,VALID,MATCHED,1,fairface-0020,transform-1
EXP-IDENTITY-022,exp-identity-022-1,CUS-EXP-022,VISIT-EXP-IDENTITY-022,TP-DISPLAY,2026-09-22T23:00:00+07:00,observations/fairface-0021/01.jpg,VALID,MATCHED,1,fairface-0021,transform-1
EXP-IDENTITY-023,exp-identity-023-1,CUS-EXP-023,VISIT-EXP-IDENTITY-023,TP-CONSULT,2026-09-22T23:40:00+07:00,observations/fairface-0022/01.jpg,VALID,MATCHED,1,fairface-0022,transform-1
EXP-IDENTITY-024,exp-identity-024-1,CUS-EXP-024,VISIT-EXP-IDENTITY-024,TP-CHECKOUT,2026-09-23T00:20:00+07:00,observations/fairface-0023/01.jpg,VALID,MATCHED,1,fairface-0023,transform-1
EXP-IDENTITY-025,exp-identity-025-1,CUS-EXP-025,VISIT-EXP-IDENTITY-025,TP-ENTRANCE,2026-09-23T01:00:00+07:00,observations/fairface-0024/01.jpg,VALID,MATCHED,1,fairface-0024,transform-1
EXP-IDENTITY-026,exp-identity-026-1,CUS-EXP-026,VISIT-EXP-IDENTITY-026,TP-DISPLAY,2026-09-23T01:40:00+07:00,observations/fairface-0025/01.jpg,VALID,MATCHED,1,fairface-0025,transform-1
EXP-IDENTITY-027,exp-identity-027-1,CUS-EXP-027,VISIT-EXP-IDENTITY-027,TP-CONSULT,2026-09-23T02:20:00+07:00,observations/fairface-0026/01.jpg,VALID,MATCHED,1,fairface-0026,transform-1
EXP-IDENTITY-028,exp-identity-028-1,CUS-EXP-028,VISIT-EXP-IDENTITY-028,TP-CHECKOUT,2026-09-23T03:00:00+07:00,observations/fairface-0027/01.jpg,VALID,MATCHED,1,fairface-0027,transform-1
EXP-IDENTITY-029,exp-identity-029-1,CUS-EXP-029,VISIT-EXP-IDENTITY-029,TP-ENTRANCE,2026-09-23T03:40:00+07:00,observations/fairface-0028/01.jpg,VALID,MATCHED,1,fairface-0028,transform-1
EXP-IDENTITY-030,exp-identity-030-1,CUS-EXP-030,VISIT-EXP-IDENTITY-030,TP-DISPLAY,2026-09-23T04:20:00+07:00,observations/fairface-0029/01.jpg,VALID,MATCHED,1,fairface-0029,transform-1
EXP-IDENTITY-031,exp-identity-031-1,CUS-EXP-031,VISIT-EXP-IDENTITY-031,TP-CONSULT,2026-09-23T05:00:00+07:00,observations/fairface-0030/01.jpg,VALID,MATCHED,1,fairface-0030,transform-1
EXP-IDENTITY-032,exp-identity-032-1,CUS-EXP-032,VISIT-EXP-IDENTITY-032,TP-CHECKOUT,2026-09-23T05:40:00+07:00,observations/fairface-0031/01.jpg,VALID,MATCHED,1,fairface-0031,transform-1
EXP-IDENTITY-033,exp-identity-033-1,CUS-EXP-033,VISIT-EXP-IDENTITY-033,TP-ENTRANCE,2026-09-23T06:20:00+07:00,observations/fairface-0032/01.jpg,VALID,MATCHED,1,fairface-0032,transform-1
EXP-IDENTITY-034,exp-identity-034-1,CUS-EXP-034,VISIT-EXP-IDENTITY-034,TP-DISPLAY,2026-09-23T07:00:00+07:00,observations/fairface-0033/01.jpg,VALID,MATCHED,1,fairface-0033,transform-1
EXP-IDENTITY-035,exp-identity-035-1,CUS-EXP-035,VISIT-EXP-IDENTITY-035,TP-CONSULT,2026-09-23T07:40:00+07:00,observations/fairface-0034/01.jpg,VALID,MATCHED,1,fairface-0034,transform-1
EXP-IDENTITY-036,exp-identity-036-1,CUS-EXP-036,VISIT-EXP-IDENTITY-036,TP-CHECKOUT,2026-09-23T08:20:00+07:00,observations/fairface-0035/01.jpg,VALID,MATCHED,1,fairface-0035,transform-1
EXP-IDENTITY-037,exp-identity-037-1,CUS-EXP-037,VISIT-EXP-IDENTITY-037,TP-ENTRANCE,2026-09-23T09:00:00+07:00,observations/fairface-0036/01.jpg,VALID,MATCHED,1,fairface-0036,transform-1
EXP-IDENTITY-038,exp-identity-038-1,CUS-EXP-038,VISIT-EXP-IDENTITY-038,TP-DISPLAY,2026-09-23T09:40:00+07:00,observations/fairface-0037/01.jpg,VALID,MATCHED,1,fairface-0037,transform-1
EXP-IDENTITY-039,exp-identity-039-1,CUS-EXP-039,VISIT-EXP-IDENTITY-039,TP-CONSULT,2026-09-23T10:20:00+07:00,observations/fairface-0038/01.jpg,VALID,MATCHED,1,fairface-0038,transform-1
EXP-IDENTITY-040,exp-identity-040-1,CUS-EXP-040,VISIT-EXP-IDENTITY-040,TP-CHECKOUT,2026-09-23T11:00:00+07:00,observations/fairface-0039/01.jpg,VALID,MATCHED,1,fairface-0039,transform-1
EXP-IDENTITY-041,exp-identity-041-1,CUS-EXP-041,VISIT-EXP-IDENTITY-041,TP-ENTRANCE,2026-09-23T11:40:00+07:00,observations/fairface-0040/01.jpg,VALID,MATCHED,1,fairface-0040,transform-1
EXP-IDENTITY-042,exp-identity-042-1,CUS-EXP-042,VISIT-EXP-IDENTITY-042,TP-DISPLAY,2026-09-23T12:20:00+07:00,observations/fairface-0041/01.jpg,VALID,MATCHED,1,fairface-0041,transform-1
EXP-IDENTITY-043,exp-identity-043-1,CUS-EXP-043,VISIT-EXP-IDENTITY-043,TP-CONSULT,2026-09-23T13:00:00+07:00,observations/fairface-0042/01.jpg,VALID,MATCHED,1,fairface-0042,transform-1
EXP-IDENTITY-044,exp-identity-044-1,CUS-EXP-044,VISIT-EXP-IDENTITY-044,TP-CHECKOUT,2026-09-23T13:40:00+07:00,observations/fairface-0043/01.jpg,VALID,MATCHED,1,fairface-0043,transform-1
EXP-IDENTITY-045,exp-identity-045-1,CUS-EXP-045,VISIT-EXP-IDENTITY-045,TP-ENTRANCE,2026-09-23T14:20:00+07:00,observations/fairface-0044/01.jpg,VALID,MATCHED,1,fairface-0044,transform-1
EXP-IDENTITY-046,exp-identity-046-1,CUS-EXP-046,VISIT-EXP-IDENTITY-046,TP-DISPLAY,2026-09-23T15:00:00+07:00,observations/fairface-0045/01.jpg,VALID,MATCHED,1,fairface-0045,transform-1
EXP-IDENTITY-047,exp-identity-047-1,CUS-EXP-047,VISIT-EXP-IDENTITY-047,TP-CONSULT,2026-09-23T15:40:00+07:00,observations/fairface-0046/01.jpg,VALID,MATCHED,1,fairface-0046,transform-1
EXP-IDENTITY-048,exp-identity-048-1,CUS-EXP-048,VISIT-EXP-IDENTITY-048,TP-CHECKOUT,2026-09-23T16:20:00+07:00,observations/fairface-0047/01.jpg,VALID,MATCHED,1,fairface-0047,transform-1
EXP-IDENTITY-049,exp-identity-049-1,CUS-EXP-049,VISIT-EXP-IDENTITY-049,TP-ENTRANCE,2026-09-23T17:00:00+07:00,observations/fairface-0048/01.jpg,VALID,MATCHED,1,fairface-0048,transform-1
EXP-IDENTITY-050,exp-identity-050-1,CUS-EXP-050,VISIT-EXP-IDENTITY-050,TP-DISPLAY,2026-09-23T17:40:00+07:00,observations/fairface-0049/01.jpg,VALID,MATCHED,1,fairface-0049,transform-1
EXP-IDENTITY-051,exp-identity-051-1,CUS-EXP-051,VISIT-EXP-IDENTITY-051,TP-CONSULT,2026-09-23T18:20:00+07:00,observations/fairface-0050/01.jpg,VALID,MATCHED,1,fairface-0050,transform-1
EXP-IDENTITY-052,exp-identity-052-1,CUS-EXP-052,VISIT-EXP-IDENTITY-052,TP-CHECKOUT,2026-09-23T19:00:00+07:00,observations/fairface-0051/01.jpg,VALID,MATCHED,1,fairface-0051,transform-1
EXP-IDENTITY-053,exp-identity-053-1,CUS-EXP-053,VISIT-EXP-IDENTITY-053,TP-ENTRANCE,2026-09-23T19:40:00+07:00,observations/fairface-0052/01.jpg,VALID,MATCHED,1,fairface-0052,transform-1
EXP-IDENTITY-054,exp-identity-054-1,CUS-EXP-054,VISIT-EXP-IDENTITY-054,TP-DISPLAY,2026-09-23T20:20:00+07:00,observations/fairface-0053/01.jpg,VALID,MATCHED,1,fairface-0053,transform-1
EXP-IDENTITY-055,exp-identity-055-1,CUS-EXP-055,VISIT-EXP-IDENTITY-055,TP-CONSULT,2026-09-23T21:00:00+07:00,observations/fairface-0054/01.jpg,VALID,MATCHED,1,fairface-0054,transform-1
EXP-IDENTITY-056,exp-identity-056-1,CUS-EXP-056,VISIT-EXP-IDENTITY-056,TP-CHECKOUT,2026-09-23T21:40:00+07:00,observations/fairface-0055/01.jpg,VALID,MATCHED,1,fairface-0055,transform-1
EXP-IDENTITY-057,exp-identity-057-1,CUS-EXP-057,VISIT-EXP-IDENTITY-057,TP-ENTRANCE,2026-09-23T22:20:00+07:00,observations/fairface-0056/01.jpg,VALID,MATCHED,1,fairface-0056,transform-1
EXP-IDENTITY-058,exp-identity-058-1,CUS-EXP-058,VISIT-EXP-IDENTITY-058,TP-DISPLAY,2026-09-23T23:00:00+07:00,observations/fairface-0057/01.jpg,VALID,MATCHED,1,fairface-0057,transform-1
EXP-IDENTITY-059,exp-identity-059-1,CUS-EXP-059,VISIT-EXP-IDENTITY-059,TP-CONSULT,2026-09-23T23:40:00+07:00,observations/fairface-0058/01.jpg,VALID,MATCHED,1,fairface-0058,transform-1
EXP-IDENTITY-060,exp-identity-060-1,CUS-EXP-060,VISIT-EXP-IDENTITY-060,TP-CHECKOUT,2026-09-24T00:20:00+07:00,observations/fairface-0059/01.jpg,VALID,MATCHED,1,fairface-0059,transform-1
EXP-IDENTITY-061,exp-identity-061-1,CUS-EXP-061,VISIT-EXP-IDENTITY-061,TP-ENTRANCE,2026-09-24T01:00:00+07:00,observations/fairface-0060/01.jpg,VALID,MATCHED,1,fairface-0060,transform-1
EXP-IDENTITY-062,exp-identity-062-1,CUS-EXP-062,VISIT-EXP-IDENTITY-062,TP-DISPLAY,2026-09-24T01:40:00+07:00,observations/fairface-0061/01.jpg,VALID,MATCHED,1,fairface-0061,transform-1
EXP-IDENTITY-063,exp-identity-063-1,CUS-EXP-063,VISIT-EXP-IDENTITY-063,TP-CONSULT,2026-09-24T02:20:00+07:00,observations/fairface-0062/01.jpg,VALID,MATCHED,1,fairface-0062,transform-1
EXP-IDENTITY-064,exp-identity-064-1,CUS-EXP-064,VISIT-EXP-IDENTITY-064,TP-CHECKOUT,2026-09-24T03:00:00+07:00,observations/fairface-0063/01.jpg,VALID,MATCHED,1,fairface-0063,transform-1
EXP-IDENTITY-065,exp-identity-065-1,CUS-EXP-065,VISIT-EXP-IDENTITY-065,TP-ENTRANCE,2026-09-24T03:40:00+07:00,observations/fairface-0064/01.jpg,VALID,MATCHED,1,fairface-0064,transform-1
EXP-IDENTITY-066,exp-identity-066-1,CUS-EXP-066,VISIT-EXP-IDENTITY-066,TP-DISPLAY,2026-09-24T04:20:00+07:00,observations/fairface-0065/01.jpg,VALID,MATCHED,1,fairface-0065,transform-1
EXP-IDENTITY-067,exp-identity-067-1,CUS-EXP-067,VISIT-EXP-IDENTITY-067,TP-CONSULT,2026-09-24T05:00:00+07:00,observations/fairface-0066/01.jpg,VALID,MATCHED,1,fairface-0066,transform-1
EXP-IDENTITY-068,exp-identity-068-1,CUS-EXP-068,VISIT-EXP-IDENTITY-068,TP-CHECKOUT,2026-09-24T05:40:00+07:00,observations/fairface-0067/01.jpg,VALID,MATCHED,1,fairface-0067,transform-1
EXP-IDENTITY-069,exp-identity-069-1,CUS-EXP-069,VISIT-EXP-IDENTITY-069,TP-ENTRANCE,2026-09-24T06:20:00+07:00,observations/fairface-0068/01.jpg,VALID,MATCHED,1,fairface-0068,transform-1
EXP-IDENTITY-070,exp-identity-070-1,CUS-EXP-070,VISIT-EXP-IDENTITY-070,TP-DISPLAY,2026-09-24T07:00:00+07:00,observations/fairface-0069/01.jpg,VALID,MATCHED,1,fairface-0069,transform-1
EXP-IDENTITY-071,exp-identity-071-1,CUS-EXP-071,VISIT-EXP-IDENTITY-071,TP-CONSULT,2026-09-24T07:40:00+07:00,observations/fairface-0070/01.jpg,VALID,MATCHED,1,fairface-0070,transform-1
EXP-IDENTITY-072,exp-identity-072-1,CUS-EXP-072,VISIT-EXP-IDENTITY-072,TP-CHECKOUT,2026-09-24T08:20:00+07:00,observations/fairface-0071/01.jpg,VALID,MATCHED,1,fairface-0071,transform-1
EXP-IDENTITY-073,exp-identity-073-1,CUS-EXP-073,VISIT-EXP-IDENTITY-073,TP-ENTRANCE,2026-09-24T09:00:00+07:00,observations/fairface-0072/01.jpg,VALID,MATCHED,1,fairface-0072,transform-1
EXP-IDENTITY-074,exp-identity-074-1,CUS-EXP-074,VISIT-EXP-IDENTITY-074,TP-DISPLAY,2026-09-24T09:40:00+07:00,observations/fairface-0073/01.jpg,VALID,MATCHED,1,fairface-0073,transform-1
EXP-IDENTITY-075,exp-identity-075-1,CUS-EXP-075,VISIT-EXP-IDENTITY-075,TP-CONSULT,2026-09-24T10:20:00+07:00,observations/fairface-0074/01.jpg,VALID,MATCHED,1,fairface-0074,transform-1
EXP-IDENTITY-076,exp-identity-076-1,CUS-EXP-076,VISIT-EXP-IDENTITY-076,TP-CHECKOUT,2026-09-24T11:00:00+07:00,observations/fairface-0075/01.jpg,VALID,MATCHED,1,fairface-0075,transform-1
EXP-IDENTITY-077,exp-identity-077-1,CUS-EXP-077,VISIT-EXP-IDENTITY-077,TP-ENTRANCE,2026-09-24T11:40:00+07:00,observations/fairface-0076/01.jpg,VALID,MATCHED,1,fairface-0076,transform-1
EXP-IDENTITY-078,exp-identity-078-1,CUS-EXP-078,VISIT-EXP-IDENTITY-078,TP-DISPLAY,2026-09-24T12:20:00+07:00,observations/fairface-0077/01.jpg,VALID,MATCHED,1,fairface-0077,transform-1
EXP-IDENTITY-079,exp-identity-079-1,CUS-EXP-079,VISIT-EXP-IDENTITY-079,TP-CONSULT,2026-09-24T13:00:00+07:00,observations/fairface-0078/01.jpg,VALID,MATCHED,1,fairface-0078,transform-1
EXP-IDENTITY-080,exp-identity-080-1,CUS-EXP-080,VISIT-EXP-IDENTITY-080,TP-CHECKOUT,2026-09-24T13:40:00+07:00,observations/fairface-0079/01.jpg,VALID,MATCHED,1,fairface-0079,transform-1
EXP-IDENTITY-081,exp-identity-081-1,CUS-EXP-081,VISIT-EXP-IDENTITY-081,TP-ENTRANCE,2026-09-24T14:20:00+07:00,observations/fairface-0080/01.jpg,VALID,MATCHED,1,fairface-0080,transform-1
EXP-IDENTITY-082,exp-identity-082-1,CUS-EXP-082,VISIT-EXP-IDENTITY-082,TP-DISPLAY,2026-09-24T15:00:00+07:00,observations/fairface-0081/01.jpg,VALID,MATCHED,1,fairface-0081,transform-1
EXP-IDENTITY-083,exp-identity-083-1,CUS-EXP-083,VISIT-EXP-IDENTITY-083,TP-CONSULT,2026-09-24T15:40:00+07:00,observations/fairface-0082/01.jpg,VALID,MATCHED,1,fairface-0082,transform-1
EXP-IDENTITY-084,exp-identity-084-1,CUS-EXP-084,VISIT-EXP-IDENTITY-084,TP-CHECKOUT,2026-09-24T16:20:00+07:00,observations/fairface-0083/01.jpg,VALID,MATCHED,1,fairface-0083,transform-1
EXP-IDENTITY-085,exp-identity-085-1,CUS-EXP-085,VISIT-EXP-IDENTITY-085,TP-ENTRANCE,2026-09-24T17:00:00+07:00,observations/fairface-0084/01.jpg,VALID,MATCHED,1,fairface-0084,transform-1
EXP-IDENTITY-086,exp-identity-086-1,CUS-EXP-086,VISIT-EXP-IDENTITY-086,TP-DISPLAY,2026-09-24T17:40:00+07:00,observations/fairface-0085/01.jpg,VALID,MATCHED,1,fairface-0085,transform-1
EXP-IDENTITY-087,exp-identity-087-1,CUS-EXP-087,VISIT-EXP-IDENTITY-087,TP-CONSULT,2026-09-24T18:20:00+07:00,observations/fairface-0086/01.jpg,VALID,MATCHED,1,fairface-0086,transform-1
EXP-IDENTITY-088,exp-identity-088-1,CUS-EXP-088,VISIT-EXP-IDENTITY-088,TP-CHECKOUT,2026-09-24T19:00:00+07:00,observations/fairface-0087/01.jpg,VALID,MATCHED,1,fairface-0087,transform-1
EXP-IDENTITY-089,exp-identity-089-1,CUS-EXP-089,VISIT-EXP-IDENTITY-089,TP-ENTRANCE,2026-09-24T19:40:00+07:00,observations/fairface-0088/01.jpg,VALID,MATCHED,1,fairface-0088,transform-1
EXP-IDENTITY-090,exp-identity-090-1,CUS-EXP-090,VISIT-EXP-IDENTITY-090,TP-DISPLAY,2026-09-24T20:20:00+07:00,observations/fairface-0089/01.jpg,VALID,MATCHED,1,fairface-0089,transform-1
EXP-IDENTITY-091,exp-identity-091-1,CUS-EXP-091,VISIT-EXP-IDENTITY-091,TP-CONSULT,2026-09-24T21:00:00+07:00,observations/fairface-0090/01.jpg,VALID,MATCHED,1,fairface-0090,transform-1
EXP-IDENTITY-092,exp-identity-092-1,CUS-EXP-092,VISIT-EXP-IDENTITY-092,TP-CHECKOUT,2026-09-24T21:40:00+07:00,observations/fairface-0091/01.jpg,VALID,MATCHED,1,fairface-0091,transform-1
EXP-IDENTITY-093,exp-identity-093-1,CUS-EXP-093,VISIT-EXP-IDENTITY-093,TP-ENTRANCE,2026-09-24T22:20:00+07:00,observations/fairface-0093/01.jpg,VALID,MATCHED,1,fairface-0093,transform-1
EXP-IDENTITY-094,exp-identity-094-1,CUS-EXP-094,VISIT-EXP-IDENTITY-094,TP-DISPLAY,2026-09-24T23:00:00+07:00,observations/fairface-0094/01.jpg,VALID,MATCHED,1,fairface-0094,transform-1
EXP-IDENTITY-095,exp-identity-095-1,CUS-EXP-095,VISIT-EXP-IDENTITY-095,TP-CONSULT,2026-09-24T23:40:00+07:00,observations/fairface-0095/01.jpg,VALID,MATCHED,1,fairface-0095,transform-1
EXP-IDENTITY-096,exp-identity-096-1,CUS-EXP-096,VISIT-EXP-IDENTITY-096,TP-CHECKOUT,2026-09-25T00:20:00+07:00,observations/fairface-0096/01.jpg,VALID,MATCHED,1,fairface-0096,transform-1
EXP-IDENTITY-097,exp-identity-097-1,CUS-EXP-097,VISIT-EXP-IDENTITY-097,TP-ENTRANCE,2026-09-25T01:00:00+07:00,observations/fairface-0097/01.jpg,VALID,MATCHED,1,fairface-0097,transform-1
EXP-IDENTITY-098,exp-identity-098-1,CUS-EXP-098,VISIT-EXP-IDENTITY-098,TP-DISPLAY,2026-09-25T01:40:00+07:00,observations/fairface-0098/01.jpg,VALID,MATCHED,1,fairface-0098,transform-1
EXP-IDENTITY-099,exp-identity-099-1,CUS-EXP-099,VISIT-EXP-IDENTITY-099,TP-CONSULT,2026-09-25T02:20:00+07:00,observations/fairface-0099/01.jpg,VALID,MATCHED,1,fairface-0099,transform-1
EXP-IDENTITY-100,exp-identity-100-1,CUS-EXP-100,VISIT-EXP-IDENTITY-100,TP-CHECKOUT,2026-09-25T03:00:00+07:00,observations/fairface-0110/01.jpg,VALID,MATCHED,1,fairface-0110,transform-1
EXP-UNKNOWN,exp-unknown-1,,,TP-DISPLAY,2026-09-25T04:30:00+07:00,observations/unknown/fairface-0108.jpg,VALID,NO_MATCH,1,fairface-0108,transform-1
EXP-UNKNOWN,exp-unknown-2,,,TP-CONSULT,2026-09-25T04:35:00+07:00,observations/unknown/fairface-0109.jpg,VALID,NO_MATCH,1,fairface-0109,transform-1
EXP-ERROR,exp-no-face,,,TP-ENTRANCE,2026-09-25T04:40:00+07:00,observations/errors/no-face.jpg,NO_FACE,NOT_RUN,0,,
EXP-ERROR,exp-many-faces,,,TP-ENTRANCE,2026-09-25T04:41:00+07:00,observations/errors/multiple-faces.jpg,VALID,NO_MATCH,2,,
EXP-ERROR,exp-invalid-image,,,TP-ENTRANCE,2026-09-25T04:42:00+07:00,observations/errors/invalid.jpg,INVALID_IMAGE,NOT_RUN,0,,
