output,role,subject_id,source_index,source_id,secondary_source_index,output_sha256,offset_x,offset_y,face_height,brightness
enrollment/fairface-0000/enrollment.jpg,enrollment,fairface-0000,0,val-1,,e9a44594cd2f40acc8491b6311eca1f26979e4bb640989d4a1feff9c280b4491,160,70,330,0
observations/fairface-0000/01.jpg,observation,fairface-0000,0,val-1,109,49120ca2933d06e9ae7aa715fef3b4e23f860d261e19c3117b3c8e4303c11e66,155,180,330,-8
observations/fairface-0000/02.jpg,observation,fairface-0000,0,val-1,108,0df0cb169059e3047110261ca5b3cc51213eae22cdd2093a91e178d3967ab4eb,790,170,330,6
observations/fairface-0000/03.jpg,observation,fairface-0000,0,val-1,109,0956c77458646e35b60890ded6d48b3243045246280e16872f5ff4eccc8d2764,165,210,330,14
observations/fairface-0000/04.jpg,observation,fairface-0000,0,val-1,108,a57e31f1f38ab72a30f8386dca3d35007620017c8cebdc72d005d5c77bda4ead,785,200,330,-3
enrollment/fairface-0001/enrollment.jpg,enrollment,fairface-0001,1,val-2,,975c418cdbda6f8861601a1f2deb8c68e2b8c1a6fd11bdb55c1840a4555279bb,160,70,330,0
observations/fairface-0001/01.jpg,observation,fairface-0001,1,val-2,108,f64d1155e163e5ae24222e1ed9a7cc4150c96fb123ddc2e6da1c9593f9b43e61,155,180,330,-8
observations/fairface-0001/02.jpg,observation,fairface-0001,1,val-2,109,367d930c11d03306aec50251e4f34bb7883feb7c0af675f70f3fb3d4a0adc1a8,790,170,330,6
observations/fairface-0001/03.jpg,observation,fairface-0001,1,val-2,108,47fc3d136c736f047d52f651705c60359b3ff9391ec7bb1cac4e6dc8afe50fed,165,210,330,14
observations/fairface-0001/04.jpg,observation,fairface-0001,1,val-2,109,ab928472ece4d154400d926bbcf6a42462007c44da2d4be9babe0c979c318198,785,200,330,-3
enrollment/fairface-0002/enrollment.jpg,enrollment,fairface-0002,2,val-3,,ddde7589cb596d5b0652249ba45d236f9b2b1b47f51790f2b8339dc3440b82b6,160,70,330,0
observations/fairface-0002/01.jpg,observation,fairface-0002,2,val-3,109,6e164f0d9ff150ba9d790c5d00239e784cbb165f850bfb41c253ec9702daa38a,155,180,330,-8
observations/fairface-0002/02.jpg,observation,fairface-0002,2,val-3,108,61b483178458e15ca5138d18dc27c545e289c7f179634fa951be748503a8c8cf,790,170,330,6
observations/fairface-0002/03.jpg,observation,fairface-0002,2,val-3,109,cd2ace95e6836498d35a5a106915697ed38af47050ad835cae25c42a767dfe4e,165,210,330,14
observations/fairface-0002/04.jpg,observation,fairface-0002,2,val-3,108,7edcef81abeb855a53a4d747a35759c09c5eeba457d591d7dfc8176a93c26039,785,200,330,-3
enrollment/fairface-0003/enrollment.jpg,enrollment,fairface-0003,3,val-4,,3da677797ef02699e095f968ce8f10b136692e5900f5bf2583d6d2f1064f92b0,160,70,330,0
observations/fairface-0003/01.jpg,observation,fairface-0003,3,val-4,108,1159904a3f410fa0de3ce04158bd79ec0698c5bcc3077af3dcb10cb8dc23f37d,155,180,330,-8
observations/fairface-0003/02.jpg,observation,fairface-0003,3,val-4,109,d7bb16cce4c24e05c33c93e59de660460521422c25357876e55e539e7c9c7652,790,170,330,6
observations/fairface-0003/03.jpg,observation,fairface-0003,3,val-4,108,1d7cef9adfcb3c51e9e7c4ee575cf4bd26b3dde54cf4a12d6f63e702e81e5ca0,165,210,330,14
observations/fairface-0003/04.jpg,observation,fairface-0003,3,val-4,109,90c7fad16fad30d9939b8a307ee00ad08f4178e2d086af8d357bff6375673be1,785,200,330,-3
enrollment/fairface-0004/enrollment.jpg,enrollment,fairface-0004,4,val-5,,ca1390bd1b66d29b72c0ffede20aa8e9218014dc6fe578c3e1b0a8a57d582a62,160,70,330,0
observations/fairface-0004/01.jpg,observation,fairface-0004,4,val-5,109,b65c9f12e9908b69c25b9d0eac01956947f887c94c7d4366c629a738a8f657d9,155,180,330,-8
observations/fairface-0004/02.jpg,observation,fairface-0004,4,val-5,108,9fffaedde54cb6cd64a3471235b9610fd1ac19da769d265a9d73b2c78b0dc325,790,170,330,6
observations/fairface-0004/03.jpg,observation,fairface-0004,4,val-5,109,86ba96aff7119cbeb9152b5713caf740813c85530f1a0fe9895d8c43794a5779,165,210,330,14
observations/fairface-0004/04.jpg,observation,fairface-0004,4,val-5,108,c6dbbc09d6048dc14d820ca26288f164f61ef89bbc35a1aee846655a15cd85b1,785,200,330,-3
enrollment/fairface-0005/enrollment.jpg,enrollment,fairface-0005,5,val-6,,4782ffb9c7ff3d5624407a3155dfb3587656d26de8c94cc5093bfaf76be0aea7,160,70,330,0
observations/fairface-0005/01.jpg,observation,fairface-0005,5,val-6,108,b1290bc14edd39e15f359bcd6048ca44eb685248b864e3fa39f1172380813bc1,155,180,330,-8
enrollment/fairface-0006/enrollment.jpg,enrollment,fairface-0006,6,val-7,,ce3018bb4380c6bdee2f994f6605fea080154cfd2c06c2f2b60cc286f5b9dc11,160,70,330,0
observations/fairface-0006/01.jpg,observation,fairface-0006,6,val-7,109,e2cf18399ac63c4b81724c13cd4ad1264da2398503fd9b2218bde397303957d2,155,180,330,-8
enrollment/fairface-0007/enrollment.jpg,enrollment,fairface-0007,7,val-8,,69bd7bfc5d01695ccca0b0e75712adc39da864f4cd0abbcd20bafa91a7a122b4,160,70,330,0
observations/fairface-0007/01.jpg,observation,fairface-0007,7,val-8,108,67509fe3ac448baf7e97101feb1663aee2111efbdb51b81afd16948de5c32a6a,155,180,330,-8
enrollment/fairface-0008/enrollment.jpg,enrollment,fairface-0008,8,val-9,,b9f3b6eb84154bcd17d570a15d7e7872dcb5c822e2bad6a617dbdf012eebf632,160,70,330,0
observations/fairface-0008/01.jpg,observation,fairface-0008,8,val-9,109,69262fcb10f3e4da02877bd99d8c910c014ae9ed1721d1e5ee3856a3de2d9f5d,155,180,330,-8
enrollment/fairface-0009/enrollment.jpg,enrollment,fairface-0009,9,val-10,,0fd02b7f92724c34b98306a1016b0ef56672273665104b3ccea989f863972c3a,160,70,330,0
observations/fairface-0009/01.jpg,observation,fairface-0009,9,val-10,108,119db261b6a927f76622eff66026327f6725bd958636973fba5dfa1c21a946d9,155,180,330,-8
enrollment/fairface-0010/enrollment.jpg,enrollment,fairface-0010,10,val-11,,61b9e2f518fc5da7af45266bebf5c5b57aecc2893fd9548d98ac2ed8e7f5dc62,160,70,330,0
observations/fairface-0010/01.jpg,observation,fairface-0010,10,val-11,109,12134f160c46c26805fc18a2fe66cbe31084fca1c1492cbb13a83bb8b53d1261,155,180,330,-8
enrollment/fairface-0011/enrollment.jpg,enrollment,fairface-0011,11,val-12,,983c10350516171badba839849f6e9fb4f1212921f32319b061d62d672a3be32,160,70,330,0
observations/fairface-0011/01.jpg,observation,fairface-0011,11,val-12,108,9407bf0df8b6e38894692a646f51ed3ac6f6b7f6917dbe9544fb18c19d8000d9,155,180,330,-8
enrollment/fairface-0012/enrollment.jpg,enrollment,fairface-0012,12,val-13,,2d1d68b9cfe975b7a8777b8ad59fb44c53447213e32efc481a737801b82c16d1,160,70,330,0
observations/fairface-0012/01.jpg,observation,fairface-0012,12,val-13,109,b4f41bd899d6a568fe4f327497003cab565651a51dc7d8444e6f443dca830d8f,155,180,330,-8
enrollment/fairface-0013/enrollment.jpg,enrollment,fairface-0013,13,val-14,,2f70f9f88e24e000e2678ecf0072908db63ca93e5ecbb86ad8770411880aa0ff,160,70,330,0
observations/fairface-0013/01.jpg,observation,fairface-0013,13,val-14,108,8aea48e57eda69b9317cdb515689313b20400068b0f27ee1fde5be94bf2196e6,155,180,330,-8
enrollment/fairface-0014/enrollment.jpg,enrollment,fairface-0014,14,val-15,,0b35ee680e23c0c3f966f7bc426bbf09736d680ae0757133953f718628d035f8,160,70,330,0
observations/fairface-0014/01.jpg,observation,fairface-0014,14,val-15,109,7e22862078458cc30ed2fc0643516fd0815f6407ef062153cfaf9873a8d5c3df,155,180,330,-8
enrollment/fairface-0015/enrollment.jpg,enrollment,fairface-0015,15,val-16,,ed720cceb0651ad3089465bdc94a5169a529b3c34547947e776432525ad89ba2,160,70,330,0
observations/fairface-0015/01.jpg,observation,fairface-0015,15,val-16,108,e4de0a41af115dd30f067be640f46e555b319c5134a5a0204e8a6c0ccee1988b,155,180,330,-8
enrollment/fairface-0016/enrollment.jpg,enrollment,fairface-0016,16,val-17,,af3e412b01a68780af04e5b4150f2a785b3384d29963ff8df99487214c3c0d7e,160,70,330,0
observations/fairface-0016/01.jpg,observation,fairface-0016,16,val-17,109,1328024ed59352f6ee29fd35e75c68964489071be22c97bff1f8b879cb73be92,155,180,330,-8
enrollment/fairface-0017/enrollment.jpg,enrollment,fairface-0017,17,val-18,,bd8f547ab10d049f90b6d57626f5c5aef60d09882da19814111be4ca7f7d5723,160,70,330,0
observations/fairface-0017/01.jpg,observation,fairface-0017,17,val-18,108,9779bb3b99b7507a8ee162fe1e5b1d63d1caa341c3a1a68fea4331350beb1852,155,180,330,-8
enrollment/fairface-0018/enrollment.jpg,enrollment,fairface-0018,18,val-19,,1804a4449c7dd8ab39a39d0a12f44e9c29da27fb417d53ca0d5baebae3a12845,160,70,330,0
observations/fairface-0018/01.jpg,observation,fairface-0018,18,val-19,109,109cff27a05941a17459efc0ddbee25daba865989e464776a9f832ac3b46f3df,155,180,330,-8
enrollment/fairface-0019/enrollment.jpg,enrollment,fairface-0019,19,val-20,,934882b20b212d47dada579ea8366fc9160f532096fced0efc069fbf4134a568,160,70,330,0
observations/fairface-0019/01.jpg,observation,fairface-0019,19,val-20,108,5c99c6d76ab5692fa7b1d1b1548cdd7c9ee1880b916853c4cad2deb5e0858a5e,155,180,330,-8
enrollment/fairface-0020/enrollment.jpg,enrollment,fairface-0020,20,val-21,,f6b8507479307305b6201f75ebc720532d68e2ecd8f8d7a0599672406746230f,160,70,330,0
observations/fairface-0020/01.jpg,observation,fairface-0020,20,val-21,109,205d02033674eb3941053de7235b79a04cdca67e149d3e129fee50d69107efb0,155,180,330,-8
enrollment/fairface-0021/enrollment.jpg,enrollment,fairface-0021,21,val-22,,9c4f0c21345db0bc3e6708fb6511741d62cc807830df747ca6424240f8477b58,160,70,330,0
observations/fairface-0021/01.jpg,observation,fairface-0021,21,val-22,108,d2205da77168ef8f3af26d14e4b93cc1ae35b9ef2504bf8dc313f22f7508c0df,155,180,330,-8
enrollment/fairface-0022/enrollment.jpg,enrollment,fairface-0022,22,val-23,,7519d151934c024d86d7100ca232fc1f665087f7f3ecd9829482def0123338a6,160,70,330,0
observations/fairface-0022/01.jpg,observation,fairface-0022,22,val-23,109,9229c162b88b3e67a4d572fd0405a5cdac77cc8ac7fdd25cb944679382127865,155,180,330,-8
enrollment/fairface-0023/enrollment.jpg,enrollment,fairface-0023,23,val-24,,cd8a26fbe39243dfa97653d0256af847324e60aa5de0657c1849815785051c90,160,70,330,0
observations/fairface-0023/01.jpg,observation,fairface-0023,23,val-24,108,b0cb99ca71a94f8ec9a78502db42cf567dd30ababb21e539341ddb6dc606328a,155,180,330,-8
enrollment/fairface-0024/enrollment.jpg,enrollment,fairface-0024,24,val-25,,a75870c882e06cc47277e51ff97fe5145958e82c64ef13781b7c8d08c8553eb5,160,70,330,0
observations/fairface-0024/01.jpg,observation,fairface-0024,24,val-25,109,803f390ce1229935a8ad2f37d6255e9ea7d57e40ebc4e47479b8aace596ea88d,155,180,330,-8
enrollment/fairface-0025/enrollment.jpg,enrollment,fairface-0025,25,val-26,,2760ea1fa853158ab34d444ba6c9961e5e12825eff464858aee4bf13d23ca47f,160,70,330,0
observations/fairface-0025/01.jpg,observation,fairface-0025,25,val-26,108,3feddeced8628989fdea0321b742abe9bfe22abbd9894a115ec29934d6ea0878,155,180,330,-8
enrollment/fairface-0026/enrollment.jpg,enrollment,fairface-0026,26,val-27,,56cc2bfbad15a024f618d1738317240d4610386f7dbbd4e37c78e24f98502361,160,70,330,0
observations/fairface-0026/01.jpg,observation,fairface-0026,26,val-27,109,64fbafef005bc402404f03d0ef1d01e5730c4afb273e2c06598189712d5e77ba,155,180,330,-8
enrollment/fairface-0027/enrollment.jpg,enrollment,fairface-0027,27,val-28,,64b6228a1e6f42a68ffbbdf7fec9c93d05b96fe6a2acc3e230071060dc450121,160,70,330,0
observations/fairface-0027/01.jpg,observation,fairface-0027,27,val-28,108,4892f4be5e29b6d9b8292212a4296efe9ebb0be47e7aa49b2764f1ebf0f584ac,155,180,330,-8
enrollment/fairface-0028/enrollment.jpg,enrollment,fairface-0028,28,val-29,,7a2dcfe4faf80fca39cb69e4f51889eeafb393acf77cfe9af048e25354f2df02,160,70,330,0
observations/fairface-0028/01.jpg,observation,fairface-0028,28,val-29,109,f2cce368e7e1a25535941a024cc65033becf449f91823e735eba3d0f6a6d0398,155,180,330,-8
enrollment/fairface-0029/enrollment.jpg,enrollment,fairface-0029,29,val-30,,6a956410955d2b52fda6c73fd07dc3f068b3856c655bc2afb8532c00faac462f,160,70,330,0
observations/fairface-0029/01.jpg,observation,fairface-0029,29,val-30,108,d2f708f4dba24c6eb986f6c701c6859ec9f950872443ca70ad63c0c88c096c96,155,180,330,-8
enrollment/fairface-0030/enrollment.jpg,enrollment,fairface-0030,30,val-31,,4f6036c99b72f4344ffd40021da11f09737411231020eeddd51029474b5a397a,160,70,330,0
observations/fairface-0030/01.jpg,observation,fairface-0030,30,val-31,109,b2003bd22f5d4eab93077cc35cb00e3c7e96ead317fcbc19c7359b6fb88c15dc,155,180,330,-8
enrollment/fairface-0031/enrollment.jpg,enrollment,fairface-0031,31,val-32,,9c4e10c677eff3e21646941a37353cd5903e651a3dc8dcb98279629e4d8c3e99,160,70,330,0
observations/fairface-0031/01.jpg,observation,fairface-0031,31,val-32,108,7504e8948febc00077df8ff65f655688d4f4797a819ccba64098a9780a20d28f,155,180,330,-8
enrollment/fairface-0032/enrollment.jpg,enrollment,fairface-0032,32,val-33,,3a63131ff898776fee9c2d254b5884d13f56d609b3d833d134a6bfc3bcbd0652,160,70,330,0
observations/fairface-0032/01.jpg,observation,fairface-0032,32,val-33,109,82e06ec04fc2ccbe4e7580a1c320063def058decc9f9305a7a96c85d58b9b69f,155,180,330,-8
enrollment/fairface-0033/enrollment.jpg,enrollment,fairface-0033,33,val-34,,902fb79c52213e46cf843cbf54b87535816e1b98c595e93033797a2a7d3642c3,160,70,330,0
observations/fairface-0033/01.jpg,observation,fairface-0033,33,val-34,108,62d0acb8b6d13aadce64ceb5343387f5ece328078c23f9d62b64cad6c8aa9957,155,180,330,-8
enrollment/fairface-0034/enrollment.jpg,enrollment,fairface-0034,34,val-35,,07e2a822c53c89fc6be178d7d7425dcc6d0a660d6c7ed6a7d37b1747e9878696,160,70,330,0
observations/fairface-0034/01.jpg,observation,fairface-0034,34,val-35,109,63d9b40c666774422da460700c77602928b90b1fb9061cdf97836d4b95f7e8c6,155,180,330,-8
enrollment/fairface-0035/enrollment.jpg,enrollment,fairface-0035,35,val-36,,e39e3f18247f891adf5fffa5d1df791661d4e833e2e82c04303608875a4ac5c3,160,70,330,0
observations/fairface-0035/01.jpg,observation,fairface-0035,35,val-36,108,60411753b690bbcdd4c217dd5cae11571749e0d68da894ae151103d51b9467a7,155,180,330,-8
enrollment/fairface-0036/enrollment.jpg,enrollment,fairface-0036,36,val-37,,a5713655a4fbc56ed12df6690c7f750bb27642cf6fdc5fd18e3417bd8d322875,160,70,330,0
observations/fairface-0036/01.jpg,observation,fairface-0036,36,val-37,109,8f856c3fefe92afeac843fcbed7380096b0d5e9f1493443f915f8c2e83222046,155,180,330,-8
enrollment/fairface-0037/enrollment.jpg,enrollment,fairface-0037,37,val-38,,c4ac8db1e56cb6b1cb87a0514049b38e43b7a6a3cdaad4c45554d0225615f6b1,160,70,330,0
observations/fairface-0037/01.jpg,observation,fairface-0037,37,val-38,108,27c788800b77b1226f12c90748dca9987e9d80fe1c3aa8b2484e05d8bac18e63,155,180,330,-8
enrollment/fairface-0038/enrollment.jpg,enrollment,fairface-0038,38,val-39,,b1b4f821d48c16d8026fd5e0cb22cf5149dd9c3fb3348ea8f390ca4433cfdff4,160,70,330,0
observations/fairface-0038/01.jpg,observation,fairface-0038,38,val-39,109,1f30fa23dd196502210c61406d8eda99ca60f0dcd96638f1738cb7328029e9d5,155,180,330,-8
enrollment/fairface-0039/enrollment.jpg,enrollment,fairface-0039,39,val-40,,feafe6e2ce58c6037cbf9d84b5ad13fb9025835045e8b172b884a5de5beb141c,160,70,330,0
observations/fairface-0039/01.jpg,observation,fairface-0039,39,val-40,108,cd93a1315e3967faf3d3248ec8c2768880da5e7bcd7414e94ff2b8b0e6e80686,155,180,330,-8
enrollment/fairface-0040/enrollment.jpg,enrollment,fairface-0040,40,val-41,,8b10e460bb9b9439ed8b76647c864b39737f1b77a50c195c420a2d6eb6c6d4bf,160,70,330,0
observations/fairface-0040/01.jpg,observation,fairface-0040,40,val-41,109,c9297e1413928c13e46aa8b686b7f8b5a8e8130a53a8adffda7c14730c906cfa,155,180,330,-8
enrollment/fairface-0041/enrollment.jpg,enrollment,fairface-0041,41,val-42,,3bf50e0d86890d7a3c74d5c5be2cd3b708e34d7ee2fe14be3d8edbb87a6cc14f,160,70,330,0
observations/fairface-0041/01.jpg,observation,fairface-0041,41,val-42,108,df8e64a0c6fe316ad673db78e11945609c31258009193e754f85dc581ad2331b,155,180,330,-8
enrollment/fairface-0042/enrollment.jpg,enrollment,fairface-0042,42,val-43,,2c95ef51042855472ab0a29c911dc409f3ea44e4522d6a78a056d5cc1323101d,160,70,330,0
observations/fairface-0042/01.jpg,observation,fairface-0042,42,val-43,109,1d21d0d442e269f91f34a053a98e681e8b10c24e3b9b898596faaa1d17c936b5,155,180,330,-8
enrollment/fairface-0043/enrollment.jpg,enrollment,fairface-0043,43,val-44,,940dffe5e28bbb45071c3753b8b60a1937f137bbb2ef813238dbe7352be44012,160,70,330,0
observations/fairface-0043/01.jpg,observation,fairface-0043,43,val-44,108,5c9e99aba9c32a740e69723765b54518a84136641b0dabeab052382c86e40bfa,155,180,330,-8
enrollment/fairface-0044/enrollment.jpg,enrollment,fairface-0044,44,val-45,,2b14708124c2fb71944ee10e67a425f449276168d366c4ef9f53d689435db4b3,160,70,330,0
observations/fairface-0044/01.jpg,observation,fairface-0044,44,val-45,109,0df15d52fbd107f5ab78ac10052d00d98ec5714b0ebcca5e57ee87468df79f15,155,180,330,-8
enrollment/fairface-0045/enrollment.jpg,enrollment,fairface-0045,45,val-46,,35471f4625142c281bc10e80b8d1a714f6dfc3b21c634107f604e1f4216ce532,160,70,330,0
observations/fairface-0045/01.jpg,observation,fairface-0045,45,val-46,108,59a7a99c16d6642f736aea70826a46766e43ac2b58c873ad1febb44bf762679d,155,180,330,-8
enrollment/fairface-0046/enrollment.jpg,enrollment,fairface-0046,46,val-47,,5e9f0ed2913a55dc00fd7f49061257254a33f5c7e6f2081e3124e88724709917,160,70,330,0
observations/fairface-0046/01.jpg,observation,fairface-0046,46,val-47,109,ec34e08efaaf236d8fc247615f8df1660c9d18faa0862bde76462d72d8d4a21d,155,180,330,-8
enrollment/fairface-0047/enrollment.jpg,enrollment,fairface-0047,47,val-48,,12148c8bece312e4713ad427aaedf4d339e41d31a2bfe2f4c56f4e0bdcff67fd,160,70,330,0
observations/fairface-0047/01.jpg,observation,fairface-0047,47,val-48,108,c02882a00a5d9062e034065d8044a2d3aaed1c9c1e4f996762f3f78045f23ffd,155,180,330,-8
enrollment/fairface-0048/enrollment.jpg,enrollment,fairface-0048,48,val-49,,222b10e577574ca727cf741165a39a910c78195ac376f2dd6eef3c9cd56dc3ad,160,70,330,0
observations/fairface-0048/01.jpg,observation,fairface-0048,48,val-49,109,7d0b5003f6a9fd90634cf2540148729153fac1ba8f6d26f2758f752539e51fbf,155,180,330,-8
enrollment/fairface-0049/enrollment.jpg,enrollment,fairface-0049,49,val-50,,999e74fb5cb56ab0063b9d2abb212b2a36be01485c2dc49c4966f9ff7dcf7d8f,160,70,330,0
observations/fairface-0049/01.jpg,observation,fairface-0049,49,val-50,108,519b692d5d7c276504a373b1ec2f5dc8bfaee021243344914982d2e16e7648cd,155,180,330,-8
enrollment/fairface-0050/enrollment.jpg,enrollment,fairface-0050,50,val-51,,2cad492d49b9dc0a04ba67bda6cb95d7cb09aaf63f2c2f8df3cbf11c5fb98687,160,70,330,0
observations/fairface-0050/01.jpg,observation,fairface-0050,50,val-51,109,a0047121659fc1a4c3692afb12294c00c083904453657cf0f7b88b3a1ccf46c9,155,180,330,-8
enrollment/fairface-0051/enrollment.jpg,enrollment,fairface-0051,51,val-52,,02362b43c696151c51b17abafb34dc153bfc0a5ac39544c10582f06af084a6e6,160,70,330,0
observations/fairface-0051/01.jpg,observation,fairface-0051,51,val-52,108,e6c73672306f32dea877d356c1d80886daf8213eb6b3134f7b1d6434f96c64b8,155,180,330,-8
enrollment/fairface-0052/enrollment.jpg,enrollment,fairface-0052,52,val-53,,165efdbb75208ed67c9e62dd0d44043847446a1c53d88be06a72b8dcabe94d81,160,70,330,0
observations/fairface-0052/01.jpg,observation,fairface-0052,52,val-53,109,f21409660cea4d2335540e7cc2a0a2ba2ffad84ff5f9c0ea7c30ede6d7756e8d,155,180,330,-8
enrollment/fairface-0053/enrollment.jpg,enrollment,fairface-0053,53,val-54,,a0a203c1582eb029812158d95943227006322b93b172f60299840002d48c41ca,160,70,330,0
observations/fairface-0053/01.jpg,observation,fairface-0053,53,val-54,108,18beaa823aec59801091c6bad6ee848ca805ff0b60344ad84b10877b7e4ff439,155,180,330,-8
enrollment/fairface-0054/enrollment.jpg,enrollment,fairface-0054,54,val-55,,ac44edd595ac412266daf453d9a42f17b7b30684e221c92cda4711b2d1bf2b9b,160,70,330,0
observations/fairface-0054/01.jpg,observation,fairface-0054,54,val-55,109,fd286dd6e24a48c2ca3bcca03678d44e61fe66f28ad7b8802d9144fa512f6304,155,180,330,-8
enrollment/fairface-0055/enrollment.jpg,enrollment,fairface-0055,55,val-56,,031a6bf1c9d9dbd7816f4a6c8e2724daa20b54476a56ecd4aa7565e520fbaad4,160,70,330,0
observations/fairface-0055/01.jpg,observation,fairface-0055,55,val-56,108,eed73181a704c2ee41abfefb54071a09e00f6328dec7e32a39fefec1f2aea27f,155,180,330,-8
enrollment/fairface-0056/enrollment.jpg,enrollment,fairface-0056,56,val-57,,9be813446995909a5d2de9a0a616b54e6d2a621afcf620a7e1c59063a982899d,160,70,330,0
observations/fairface-0056/01.jpg,observation,fairface-0056,56,val-57,109,13bb58892b1355f63e0fdc558f90bd89afdb85e35e9dfb9a77a746e56a50c914,155,180,330,-8
enrollment/fairface-0057/enrollment.jpg,enrollment,fairface-0057,57,val-58,,bec63a5b0bbe5ac49e9235e960af48e314f6486270167673b46271dc7ab2baa8,160,70,330,0
observations/fairface-0057/01.jpg,observation,fairface-0057,57,val-58,108,432f17f0063e01b609e4befa1508758e7e12803edc567d2784ae8e6344c8eb41,155,180,330,-8
enrollment/fairface-0058/enrollment.jpg,enrollment,fairface-0058,58,val-59,,bd43968c2481bdc842251ad783355e209688701e80a96d376a70752391be4990,160,70,330,0
observations/fairface-0058/01.jpg,observation,fairface-0058,58,val-59,109,57760258e26f5789a6ebb0c7be8d2f2b9298f61fddfa37d8e559cabaf0d7bd9c,155,180,330,-8
enrollment/fairface-0059/enrollment.jpg,enrollment,fairface-0059,59,val-60,,b1dc4f3e7d623dc8f970fca301ff4801c424c849a14acd608f625576ebd2a376,160,70,330,0
observations/fairface-0059/01.jpg,observation,fairface-0059,59,val-60,108,906dfd631c203fea0e67d25384d6cf33f3f19993c13ad6c32c2feaff256ed0ac,155,180,330,-8
enrollment/fairface-0060/enrollment.jpg,enrollment,fairface-0060,60,val-61,,c4f4f7cbf3fe5ebc37b7675b24f25b0282d3f29cb695856843b8b00d4d0fa8cf,160,70,330,0
observations/fairface-0060/01.jpg,observation,fairface-0060,60,val-61,109,871c4136e87e8ba64804c52ad6e3c81065bf0a176e63a4dc10a7c3cc6158fd1e,155,180,330,-8
enrollment/fairface-0061/enrollment.jpg,enrollment,fairface-0061,61,val-62,,80535c652235ea1cc0b692b1e6fad2e31c26ca6506e9873860fdeda3a73acbd0,160,70,330,0
observations/fairface-0061/01.jpg,observation,fairface-0061,61,val-62,108,49c421287f1805ece2e9135c17a953c843b0fb0282d721aba16275a15fc90b66,155,180,330,-8
enrollment/fairface-0062/enrollment.jpg,enrollment,fairface-0062,62,val-63,,56897838f6250d60b15d99f6b4dfaf724011756604e43bd3ec867c7072dfda55,160,70,330,0
observations/fairface-0062/01.jpg,observation,fairface-0062,62,val-63,109,36811379ce17e6ef4f47e1d6500b26eadc4b902103f6dd78ee6b8eba20be9a53,155,180,330,-8
enrollment/fairface-0063/enrollment.jpg,enrollment,fairface-0063,63,val-64,,67dad356fa5471d28c10a9fdbb6e13c3ac3233ab2b92f412921f5d91e6a7e192,160,70,330,0
observations/fairface-0063/01.jpg,observation,fairface-0063,63,val-64,108,722f9efa5567b7e5f9cb7d4ba6bbd5136115cad1db7cd7a879c30fa4b70b08b9,155,180,330,-8
enrollment/fairface-0064/enrollment.jpg,enrollment,fairface-0064,64,val-65,,8f91f55597676c4eb5697aa553c3b31d164a71f561d983ba37406bf7eaf67b8e,160,70,330,0
observations/fairface-0064/01.jpg,observation,fairface-0064,64,val-65,109,4357a68141765a77703f1f2d598543bfff2418a56a5154bd5092b958afc7ba9b,155,180,330,-8
enrollment/fairface-0065/enrollment.jpg,enrollment,fairface-0065,65,val-66,,d99b17492921410b656486496ba2e24a0af520a8de6ae859ceb6aedcdb7aeb4e,160,70,330,0
observations/fairface-0065/01.jpg,observation,fairface-0065,65,val-66,108,143f226943677a70d245d0c95210de6f05d1e8795526cb427553db9715ef10e3,155,180,330,-8
enrollment/fairface-0066/enrollment.jpg,enrollment,fairface-0066,66,val-67,,7139880192719d5b7ffae6e7019d917bf59eb01b2f83454f6b2aa7aeea913b9e,160,70,330,0
observations/fairface-0066/01.jpg,observation,fairface-0066,66,val-67,109,f80ac6f8baefe883f4b6e0b093de4965ec306b6111da72466b4c3eda0ce46607,155,180,330,-8
enrollment/fairface-0067/enrollment.jpg,enrollment,fairface-0067,67,val-68,,8e260d3099beac0db7cc5738fcce7051a3d39d96f088658172e375369c54bd4e,160,70,330,0
observations/fairface-0067/01.jpg,observation,fairface-0067,67,val-68,108,9052db41274fd0fe5d71fdba364ed05733b62010756d713a198a832d643039dc,155,180,330,-8
enrollment/fairface-0068/enrollment.jpg,enrollment,fairface-0068,68,val-69,,5dfdff4f82d507d2fef26f4a6f3a8abd150407b2802fac5099779faf54edb1f9,160,70,330,0
observations/fairface-0068/01.jpg,observation,fairface-0068,68,val-69,109,17f56504c21d1726448903112682e3f79252da080d1b5ef363f98f7990826b20,155,180,330,-8
enrollment/fairface-0069/enrollment.jpg,enrollment,fairface-0069,69,val-70,,95d2eb174651b0a6c4e1a06e700076175fbc674fa61194012e9be2d8ea6cb2c5,160,70,330,0
observations/fairface-0069/01.jpg,observation,fairface-0069,69,val-70,108,67ecfc95d19f7c849b53b0500be3334d3163c687bf3a92632f9754953a05eb22,155,180,330,-8
enrollment/fairface-0070/enrollment.jpg,enrollment,fairface-0070,70,val-71,,d8e7ce8e98123a3bfa10594580e9a9185c73cff34d4809d281f2c8c8fb7d779d,160,70,330,0
observations/fairface-0070/01.jpg,observation,fairface-0070,70,val-71,109,3761324603855a93ab282e6484fa6ebc7c9bd0ca5aeb3e002544fc09d7519074,155,180,330,-8
enrollment/fairface-0071/enrollment.jpg,enrollment,fairface-0071,71,val-72,,f1195571a1ff386004b929a7d29929c03ab91c92cd0f1762b447d9d536cf73a2,160,70,330,0
observations/fairface-0071/01.jpg,observation,fairface-0071,71,val-72,108,3bb88deb689ac4f60a22bd41da80aead09f2a1632a7d0040592ab2262299e34b,155,180,330,-8
enrollment/fairface-0072/enrollment.jpg,enrollment,fairface-0072,72,val-73,,aec605519de48eccc25f71b06b8bb0b6d653821681a27fa3baf7a2e4be81c3e1,160,70,330,0
observations/fairface-0072/01.jpg,observation,fairface-0072,72,val-73,109,196980410c9ed5f6c83671ec7c6c22243bc6a53a3bb71ec07b0e135d834d42e5,155,180,330,-8
enrollment/fairface-0073/enrollment.jpg,enrollment,fairface-0073,73,val-74,,5d5376344277eb44847896f6c989a0ff4ce4e2d282fcb4fdf86d48df8638181f,160,70,330,0
observations/fairface-0073/01.jpg,observation,fairface-0073,73,val-74,108,5db0aee4fbb35d5e574eac3ce15cb1ca012991ebbf56b8d1f532d69b82462d23,155,180,330,-8
enrollment/fairface-0074/enrollment.jpg,enrollment,fairface-0074,74,val-75,,79e49d53b27d4b4886d5c0aa32b7d0c9eb9fe79900293b8c6a94d4e3d4ad3cf8,160,70,330,0
observations/fairface-0074/01.jpg,observation,fairface-0074,74,val-75,109,770c11dea4d584934e0e873ecc468b1a5720c4996693e541d4bcca5a1b95bc93,155,180,330,-8
enrollment/fairface-0075/enrollment.jpg,enrollment,fairface-0075,75,val-76,,c7a5454a1b8e8e3b4ff22ff3f538b676e0b3617440ab5a02998dbde9b345f230,160,70,330,0
observations/fairface-0075/01.jpg,observation,fairface-0075,75,val-76,108,82539990af606c27fa907e2d4bfef069dafe000bd85954f9afa2233fc7785634,155,180,330,-8
enrollment/fairface-0076/enrollment.jpg,enrollment,fairface-0076,76,val-77,,cc548aaa014786e95b19812d51346d29d48aa6ee514335f90a6935df5956804a,160,70,330,0
observations/fairface-0076/01.jpg,observation,fairface-0076,76,val-77,109,8199d5249854b890f4c224ba85e6527057f26dcc620455a66b335ad68c436073,155,180,330,-8
enrollment/fairface-0077/enrollment.jpg,enrollment,fairface-0077,77,val-78,,ab7b43bc577b5f8c440adf1885c80e6722dbac2a343ac2e9e1036953d8002c75,160,70,330,0
observations/fairface-0077/01.jpg,observation,fairface-0077,77,val-78,108,06809ff4add76672bdf7e644f2834a75094c4f2120717f2c1dfe5ea5b5485f43,155,180,330,-8
enrollment/fairface-0078/enrollment.jpg,enrollment,fairface-0078,78,val-79,,14a3e8757e2e721d590e1cc5d5ddef0f60e35a94b222177ffbb982614c1a6da1,160,70,330,0
observations/fairface-0078/01.jpg,observation,fairface-0078,78,val-79,109,c1b6bcf019ca22878bfa924b4ed0e44712f2a91efc094b80e8fe18069ecd967e,155,180,330,-8
enrollment/fairface-0079/enrollment.jpg,enrollment,fairface-0079,79,val-80,,91d28177c28a88309a52762866bef479aa372f831b00aaca41ade18225a5a721,160,70,330,0
observations/fairface-0079/01.jpg,observation,fairface-0079,79,val-80,108,3883f6b27274839229a9ab9ba14d6b298f7382820a3c80260db335b81c2b9588,155,180,330,-8
enrollment/fairface-0080/enrollment.jpg,enrollment,fairface-0080,80,val-81,,3e0518f8b9b20c38a4c861151d7b7d0f6cb30188c5ad33080231a1fb2c4f8ddf,160,70,330,0
observations/fairface-0080/01.jpg,observation,fairface-0080,80,val-81,109,4c92ac4a0b23b7e7bc26501a695040cbb73aefa55802f829f290f2040849858d,155,180,330,-8
enrollment/fairface-0081/enrollment.jpg,enrollment,fairface-0081,81,val-82,,43f5b12671916a9c066c45c59be47b045ec170fc7fdad6aa8edb26684385a104,160,70,330,0
observations/fairface-0081/01.jpg,observation,fairface-0081,81,val-82,108,81e5816270ae41f0c3d49e533dfdecec74c8a68925fbeb341641c5f2047c6a83,155,180,330,-8
enrollment/fairface-0082/enrollment.jpg,enrollment,fairface-0082,82,val-83,,137d76aeaf5e8c2131dad86f950d6e85242129b91985c2ca0950509381a24a42,160,70,330,0
observations/fairface-0082/01.jpg,observation,fairface-0082,82,val-83,109,af7079c73ea370f6f90a7ebe984c1707f42c5813749912f75cc70ca496ffd3fd,155,180,330,-8
enrollment/fairface-0083/enrollment.jpg,enrollment,fairface-0083,83,val-84,,050c08f20c19add4368d64ef83998009c4c7789c082370060668e0c01a3b8c0a,160,70,330,0
observations/fairface-0083/01.jpg,observation,fairface-0083,83,val-84,108,1d2ea808093cde82ff77abdb0f50e9e7a42c0d7711ba8fa68e668492f22dd860,155,180,330,-8
enrollment/fairface-0084/enrollment.jpg,enrollment,fairface-0084,84,val-85,,cdf527fab05a3be3a69182704c03d2001e5b69d3eb105a745379d8ef18ac4cf3,160,70,330,0
observations/fairface-0084/01.jpg,observation,fairface-0084,84,val-85,109,a35f929faf265931f349b98ccee64a1ebbfd86c29da5f0100a1d4f1091eb1b3f,155,180,330,-8
enrollment/fairface-0085/enrollment.jpg,enrollment,fairface-0085,85,val-86,,3df97a3726dcd6a7703707675f9bd45155bfe29dcfa96b7e06c8ca2d77fb0a9a,160,70,330,0
observations/fairface-0085/01.jpg,observation,fairface-0085,85,val-86,108,b3e13d149c2c1e56a0fedb4eb07c0dc4daa51c44ccebf55b6642e56cdcf143cd,155,180,330,-8
enrollment/fairface-0086/enrollment.jpg,enrollment,fairface-0086,86,val-87,,7c86e8e1d1f83bb795ab3ed6cb3154568c22748962a63421942aab54546696b2,160,70,330,0
observations/fairface-0086/01.jpg,observation,fairface-0086,86,val-87,109,abf9d09555641815f96bcb0b83d8ceb2efb4be2007e2cecc2b2a9295b71e9aab,155,180,330,-8
enrollment/fairface-0087/enrollment.jpg,enrollment,fairface-0087,87,val-88,,4f2d265058bd20feda04fec718cb55bc6042fe66aba9aca9f8474e5b9e72dfe6,160,70,330,0
observations/fairface-0087/01.jpg,observation,fairface-0087,87,val-88,108,ff708a68a9487454bf6cd909d85f20322db473aa4a71213ffd79698af1e5ecac,155,180,330,-8
enrollment/fairface-0088/enrollment.jpg,enrollment,fairface-0088,88,val-89,,1d73c383359126d7f4faafe616132a2d3d2f2d4b5ea772f193e5b0a2417b7658,160,70,330,0
observations/fairface-0088/01.jpg,observation,fairface-0088,88,val-89,109,6a601990c01bbcba738f041a793601665a02ed9d60e11899c8f5cc4758f25704,155,180,330,-8
enrollment/fairface-0089/enrollment.jpg,enrollment,fairface-0089,89,val-90,,e1c3a514bcb8facd0c4fd9907b73a170b147d76c02648fa62eedcf34bd445044,160,70,330,0
observations/fairface-0089/01.jpg,observation,fairface-0089,89,val-90,108,2a4d87b9e39f3f44a2d4ecca0b8987f51666595a530fcb01c4d504be18ff2823,155,180,330,-8
enrollment/fairface-0090/enrollment.jpg,enrollment,fairface-0090,90,val-91,,11d1f25a77902a38b051e3d55a0112592899e99ec89700acce420ee44c79ceea,160,70,330,0
observations/fairface-0090/01.jpg,observation,fairface-0090,90,val-91,109,bb00ceca5ed8645d29b8e1c651b528be5fb725f91002899a0dc5721068b11caf,155,180,330,-8
enrollment/fairface-0091/enrollment.jpg,enrollment,fairface-0091,91,val-92,,8407e34fef03131b08bd36023e50e4769eac63935a51fa6b152a00adb587dee9,160,70,330,0
observations/fairface-0091/01.jpg,observation,fairface-0091,91,val-92,108,c0a90459aa8fd68c7d5f593837582ca791ee561f645bb8609738eb4aff12ccca,155,180,330,-8
enrollment/fairface-0093/enrollment.jpg,enrollment,fairface-0093,93,val-94,,78cd806997b5cb41fcb1267c1a5efdc00182c47c1df804871ee983cf7436a556,160,70,330,0
observations/fairface-0093/01.jpg,observation,fairface-0093,93,val-94,109,1c20a8082ea6082087962191988e036b652d1a31e2953b5f7ff31144181719d8,155,180,330,-8
enrollment/fairface-0094/enrollment.jpg,enrollment,fairface-0094,94,val-95,,1ed72fdb5bbafadccd7a58d21afc4846e882298b7be78cb4bff6563b1497c523,160,70,330,0
observations/fairface-0094/01.jpg,observation,fairface-0094,94,val-95,108,a2350e6c8ebc5fd15e0e53083306f2f294110bf3fc4ce672358a83182cff8e8a,155,180,330,-8
enrollment/fairface-0095/enrollment.jpg,enrollment,fairface-0095,95,val-96,,5ff2e04e6450f63038bd67533169ca084f95ba66a246838acb28a2c6b3c43e76,160,70,330,0
observations/fairface-0095/01.jpg,observation,fairface-0095,95,val-96,109,f3f2073cf60a834259307f3c8dae56040b1086016c31072ab56bb34065ea5204,155,180,330,-8
enrollment/fairface-0096/enrollment.jpg,enrollment,fairface-0096,96,val-97,,6ce257f0fe7e89696af8451ca95b7db4a860c1e421b70e3ee8279bdc237c4911,160,70,330,0
observations/fairface-0096/01.jpg,observation,fairface-0096,96,val-97,108,b477fdcbbd026d2c56adede7339eca7a00b72bf9b8972da757ebc0945448af08,155,180,330,-8
enrollment/fairface-0097/enrollment.jpg,enrollment,fairface-0097,97,val-98,,83a52f20bb2a0fa13df40ac3cc4b46d06f8a1ffbc1165032fb5112738b871eb2,160,70,330,0
observations/fairface-0097/01.jpg,observation,fairface-0097,97,val-98,109,d374e7a41b72d86c7cb04ea9819e4542c39725c30518a28d574917a3858df6da,155,180,330,-8
enrollment/fairface-0098/enrollment.jpg,enrollment,fairface-0098,98,val-99,,0afd95ba348c95977c31e033b3e8a730aef8b0e3c86f659aa057e50cc8cf69d3,160,70,330,0
observations/fairface-0098/01.jpg,observation,fairface-0098,98,val-99,108,08353e28ecc0a35e6b09950cc61b30aa563d75598b9cedd6dcea53da318a791f,155,180,330,-8
enrollment/fairface-0099/enrollment.jpg,enrollment,fairface-0099,99,val-100,,5e6caac6d0092af293084300c1aa915dd12554681d67fcd418fa2dd60959196d,160,70,330,0
observations/fairface-0099/01.jpg,observation,fairface-0099,99,val-100,109,4a5c61f3a540ddf8ff6de34a1369001e126406ff925cbeee3cb56c691ca0abd7,155,180,330,-8
enrollment/fairface-0110/enrollment.jpg,enrollment,fairface-0110,110,val-111,,07fd5c6ff70ca7ec6b3f4550fe785c79d8b58c7c3e4c849b92d7eb26e2ae24d3,160,70,330,0
observations/fairface-0110/01.jpg,observation,fairface-0110,110,val-111,108,8cb9a329915d6f93ce7d75952ed430a33fce5f79945199c60db2d62ea9aca93a,155,180,330,-8
calibration/fairface-0100/01.jpg,calibration,fairface-0100,100,val-101,,1ddaa0118476873690b12ed5bda2b75bfcde9e7a54f3e626ce23521d620fc638,150,72,320,0
calibration/fairface-0100/02.jpg,calibration,fairface-0100,100,val-101,,9bd331a607c5d8bb5a6f4f081e10d16170f153da135db3f6ca5956bf1c007d19,130,64,300,-10
calibration/fairface-0100/03.jpg,calibration,fairface-0100,100,val-101,,4dc04988feb26f3f1550880bcdb416da94ac19939b76d03b60777f110b648ad3,180,82,285,12
calibration/fairface-0101/01.jpg,calibration,fairface-0101,101,val-102,,ceac15eedba3562c0652672c3f87f7211226b896f3773fcce897b26b7108a0c4,150,72,320,0
calibration/fairface-0101/02.jpg,calibration,fairface-0101,101,val-102,,7bab5af6fc47d9fa14dd0e3c62b07a542d2dbab093247594ebb2ff8429714eb2,130,64,300,-10
calibration/fairface-0101/03.jpg,calibration,fairface-0101,101,val-102,,b3365c94423c9b53d6d2bc2d357fa0f46c6cfdfe9f30a6c5ee42f0e34cb482e3,180,82,285,12
calibration/fairface-0102/01.jpg,calibration,fairface-0102,102,val-103,,6df68b8dda700f2b37552541334519f10143d53912e9487b92e476f631e16c1e,150,72,320,0
calibration/fairface-0102/02.jpg,calibration,fairface-0102,102,val-103,,0245ff79a13be5f8a7f7107ae8189d4bfe67499607e7bc15a9ff274dba829b7b,130,64,300,-10
calibration/fairface-0102/03.jpg,calibration,fairface-0102,102,val-103,,1852d14e19842da8ac5fbe1008adf3bddfd3aa652a8c99702f3479c9cb96d6a8,180,82,285,12
calibration/fairface-0103/01.jpg,calibration,fairface-0103,103,val-104,,4d75cf2212d24540be9b3896ddc7e2cb27290fd66433db7de7e788bdf9d26462,150,72,320,0
calibration/fairface-0103/02.jpg,calibration,fairface-0103,103,val-104,,09d34b4ceee6b0335dd66ed9cf3e93579ba97a768449ae672ef03375eef16d77,130,64,300,-10
calibration/fairface-0103/03.jpg,calibration,fairface-0103,103,val-104,,98ed3f5ce3e7951b59b217ff9ffdcf347ca807c3432823d1c2f91285567262f6,180,82,285,12
calibration/fairface-0104/01.jpg,calibration,fairface-0104,104,val-105,,9a85eae7e1ca551661f916d7a43009b5f3244f2ccc9ab1544172401bdaa908f6,150,72,320,0
calibration/fairface-0104/02.jpg,calibration,fairface-0104,104,val-105,,1839ce2cb925a5c6bea9e91a47b5cfebd350ab38dd3b3cdf98d179f139993e79,130,64,300,-10
calibration/fairface-0104/03.jpg,calibration,fairface-0104,104,val-105,,44d6992c64b855654e3c4abcb771afac19871e82994d2832b82fab4bb30eaa50,180,82,285,12
calibration/fairface-0105/01.jpg,calibration,fairface-0105,105,val-106,,a27662a2b6f05860b27d3a1b4878d16b7a5c6440d1745e743f6243a1c14d3e9b,150,72,320,0
calibration/fairface-0105/02.jpg,calibration,fairface-0105,105,val-106,,14b7667ac9a6b09f0934731cd2d317507ee48ec15f895d51c31b971c7fa27a3d,130,64,300,-10
calibration/fairface-0105/03.jpg,calibration,fairface-0105,105,val-106,,fb781d6a711e0f67529aa1c6e38ecdc22def969f80ef7c7f2cf4eec54689faf1,180,82,285,12
calibration/fairface-0106/01.jpg,calibration,fairface-0106,106,val-107,,185d605ccae555ea07efb746975db9cbca01132a56afef941654beb1f8f90a47,150,72,320,0
calibration/fairface-0106/02.jpg,calibration,fairface-0106,106,val-107,,695e564a668781d577eabd9f628d902ab352969d73648a6c1f48390982a9b35a,130,64,300,-10
calibration/fairface-0106/03.jpg,calibration,fairface-0106,106,val-107,,7a49132eb2725a3e2aa7dd91366bd5a28c6dda7f420f517c7cfe877f073fe046,180,82,285,12
calibration/fairface-0107/01.jpg,calibration,fairface-0107,107,val-108,,d9346fc418985fabb69e61a201c4e6812096b4bcbf02109b88b7ccea70091c4b,150,72,320,0
calibration/fairface-0107/02.jpg,calibration,fairface-0107,107,val-108,,e5625fad83418118adc201aa16d8decb19007c74225c31c1c9c225bbc99339e5,130,64,300,-10
calibration/fairface-0107/03.jpg,calibration,fairface-0107,107,val-108,,448a3ac0a2624d4edc51e3c1b397adb43c1571cdcc9eef3ea778b679ed0e619f,180,82,285,12
observations/unknown/fairface-0108.jpg,unknown,fairface-0108,108,val-109,109,83dc83e94689fe5641e4bbc3658e508648c9124115a72743d62af2eda96f88a2,155,180,330,-8
observations/unknown/fairface-0109.jpg,unknown,fairface-0109,109,val-110,108,6571b7acbd6d3380e15c68d37fd36832e6a1e9cb9be7d796e5ef44cc0fb3a840,790,170,330,6
