visit_id,customer_code,archetype_id,sequence,om_cluster_id,om_silhouette,om_distance_to_medoid,baseline_cluster_id,baseline_silhouette
00324798-bee9-4746-820a-00ae29afac1f,CUS-EXP-011,archetype_05,Happy -> Neutral -> Surprise -> Happy,2,1.0,0.0,3,1.0
019e0048-67d2-43e2-b4c9-23e4ded8b78d,CUS-EXP-018,archetype_01,Neutral -> Neutral -> Neutral -> Neutral,3,1.0,0.0,2,1.0
0609931f-6f90-489d-8a20-5a82ce667979,CUS-EXP-015,archetype_04,Neutral -> Sad -> Angry -> Angry,1,1.0,0.0,1,1.0
0675abd1-ada0-4a33-ae10-6f14b99d324d,CUS-EXP-010,archetype_03,Neutral -> Surprise -> Happy -> Happy,4,1.0,0.0,3,1.0
07374ed5-5d51-4edb-85e8-63aa5dcad588,CUS-EXP-011,archetype_02,Happy -> Happy -> Happy -> Happy,5,1.0,0.0,4,1.0
07a8879a-89b2-47d8-ae2f-0d0a7fb65bd4,CUS-EXP-014,archetype_04,Neutral -> Sad -> Angry -> Angry,1,1.0,0.0,1,1.0
07f3b3af-1e94-42a7-a556-369af8264c74,CUS-EXP-022,archetype_04,Neutral -> Sad -> Angry -> Angry,1,1.0,0.0,1,1.0
0b23cb60-8aa5-4d98-b7ef-ec7d3d736c5a,CUS-EXP-002,archetype_03,Neutral -> Surprise -> Happy -> Happy,4,1.0,0.0,3,1.0
0cad3785-761e-4cb0-830e-a90df0c6a60a,CUS-EXP-007,archetype_04,Neutral -> Sad -> Angry -> Angry,1,1.0,0.0,1,1.0
0dace9d7-63f3-4511-8a56-a7d34da42bf3,CUS-EXP-021,archetype_01,Neutral -> Neutral -> Neutral -> Neutral,3,1.0,0.0,2,1.0
0dd19112-3e42-4504-a6a9-f702934454cd,CUS-EXP-024,archetype_05,Happy -> Neutral -> Surprise -> Happy,2,1.0,0.0,3,1.0
0f8fc263-50c8-4a3e-972d-66c80983aef9,CUS-EXP-013,archetype_05,Happy -> Neutral -> Surprise -> Happy,2,1.0,0.0,3,1.0
1072da6d-88e9-4992-afff-0e695fb24d61,CUS-EXP-009,archetype_01,Neutral -> Neutral -> Neutral -> Neutral,3,1.0,0.0,2,1.0
15712355-12eb-413f-b1d5-0e5fdc7ef776,CUS-EXP-005,archetype_05,Happy -> Neutral -> Surprise -> Happy,2,1.0,0.0,3,1.0
159c8a43-0c30-4e06-85f0-c076a4bc0919,CUS-EXP-002,archetype_02,Happy -> Happy -> Happy -> Happy,5,1.0,0.0,4,1.0
15e3b784-22b7-4db0-a5df-86ca4914f29b,CUS-EXP-019,archetype_02,Happy -> Happy -> Happy -> Happy,5,1.0,0.0,4,1.0
17ac90bb-dd41-4865-b218-a14f7a4bcfc3,CUS-EXP-008,archetype_01,Neutral -> Neutral -> Neutral -> Neutral,3,1.0,0.0,2,1.0
1d339529-01f3-4653-ba28-5d91602004ca,CUS-EXP-007,archetype_02,Happy -> Happy -> Happy -> Happy,5,1.0,0.0,4,1.0
1eaf544f-195a-484d-93f6-e27d02929c56,CUS-EXP-015,archetype_03,Neutral -> Surprise -> Happy -> Happy,4,1.0,0.0,3,1.0
1fc47ebb-ea7b-4b9e-b4b2-07dbdba58895,CUS-EXP-014,archetype_03,Neutral -> Surprise -> Happy -> Happy,4,1.0,0.0,3,1.0
24427187-a01c-4c9a-a07b-c41597509309,CUS-EXP-024,archetype_04,Neutral -> Sad -> Angry -> Angry,1,1.0,0.0,1,1.0
24670317-4914-43a0-a459-6c8004cb8b6a,CUS-EXP-019,archetype_05,Happy -> Neutral -> Surprise -> Happy,2,1.0,0.0,3,1.0
2682173b-d6a4-487e-9383-e7564d15c996,CUS-EXP-018,archetype_04,Neutral -> Sad -> Angry -> Angry,1,1.0,0.0,1,1.0
281a950d-1c4f-4126-9016-9cbf75d14060,CUS-EXP-010,archetype_05,Happy -> Neutral -> Surprise -> Happy,2,1.0,0.0,3,1.0
2e2e6e11-3ea6-45f5-b235-ce3d2640e5b2,CUS-EXP-015,archetype_01,Neutral -> Neutral -> Neutral -> Neutral,3,1.0,0.0,2,1.0
30fb758c-bb0e-4e7b-90bf-905c67c5d346,CUS-EXP-017,archetype_03,Neutral -> Surprise -> Happy -> Happy,4,1.0,0.0,3,1.0
323a9515-1590-486b-9ff8-6be51827b8d9,CUS-EXP-022,archetype_02,Happy -> Happy -> Happy -> Happy,5,1.0,0.0,4,1.0
33055aaa-3b64-4b7d-a95f-7ac318b2a40e,CUS-EXP-022,archetype_01,Neutral -> Neutral -> Neutral -> Neutral,3,1.0,0.0,2,1.0
35d5d7f8-5538-41b1-b34a-05c195ccc41e,CUS-EXP-006,archetype_01,Neutral -> Neutral -> Neutral -> Neutral,3,1.0,0.0,2,1.0
3627cdfa-1ed9-48b7-96fb-fe48a1ccbd34,CUS-EXP-015,archetype_05,Happy -> Neutral -> Surprise -> Happy,2,1.0,0.0,3,1.0
37e916f0-69e1-4acb-9b43-b17c620f1042,CUS-EXP-008,archetype_03,Neutral -> Surprise -> Happy -> Happy,4,1.0,0.0,3,1.0
39929203-a489-434f-9a74-86114e960649,CUS-EXP-008,archetype_05,Happy -> Neutral -> Surprise -> Happy,2,1.0,0.0,3,1.0
3dc9b171-c9fb-44c3-9543-4ac695f74469,CUS-EXP-020,archetype_02,Happy -> Happy -> Happy -> Happy,5,1.0,0.0,4,1.0
3ea29caf-67b9-4436-b189-a0e3837dc38e,CUS-EXP-009,archetype_05,Happy -> Neutral -> Surprise -> Happy,2,1.0,0.0,3,1.0
3fe67946-1b36-429f-be24-1fa64ecbb6e9,CUS-EXP-021,archetype_04,Neutral -> Sad -> Angry -> Angry,1,1.0,0.0,1,1.0
40801e51-f955-41b6-a183-0a664379194c,CUS-EXP-016,archetype_05,Happy -> Neutral -> Surprise -> Happy,2,1.0,0.0,3,1.0
417bf5d1-5ff3-4a13-a0ce-c285f19cbda8,CUS-EXP-008,archetype_02,Happy -> Happy -> Happy -> Happy,5,1.0,0.0,4,1.0
4233c580-7b07-47ed-823f-293816daec79,CUS-EXP-015,archetype_02,Happy -> Happy -> Happy -> Happy,5,1.0,0.0,4,1.0
455d6aec-1c0e-4714-9fd1-9e12a73c61ca,CUS-EXP-013,archetype_01,Neutral -> Neutral -> Neutral -> Neutral,3,1.0,0.0,2,1.0
45f92165-3d26-4f94-a161-6e420d6723ae,CUS-EXP-007,archetype_05,Happy -> Neutral -> Surprise -> Happy,2,1.0,0.0,3,1.0
480db6c4-2dfe-467d-ae49-f7c93d17c355,CUS-EXP-003,archetype_02,Happy -> Happy -> Happy -> Happy,5,1.0,0.0,4,1.0
4a600164-5d25-47a1-b065-1c81f417dd89,CUS-EXP-025,archetype_05,Happy -> Neutral -> Surprise -> Happy,2,1.0,0.0,3,1.0
50d8e860-1800-476f-ba7b-754c595cb273,CUS-EXP-011,archetype_03,Neutral -> Surprise -> Happy -> Happy,4,1.0,0.0,3,1.0
51557d69-a8b8-45a9-a0d3-3d26befdb188,CUS-EXP-001,archetype_03,Neutral -> Surprise -> Happy -> Happy,4,1.0,0.0,3,1.0
51e38f72-a7c4-4e9d-b551-3d2273930bc1,CUS-EXP-002,archetype_04,Neutral -> Sad -> Angry -> Angry,1,1.0,0.0,1,1.0
567fc983-e899-4322-bb09-f6d62d4e8426,CUS-EXP-025,archetype_01,Neutral -> Neutral -> Neutral -> Neutral,3,1.0,0.0,2,1.0
57aa6113-4ef5-4612-b9f6-800ee2a1b2e7,CUS-EXP-020,archetype_04,Neutral -> Sad -> Angry -> Angry,1,1.0,0.0,1,1.0
5a24790d-012b-4cd4-8575-a61b7b4d8c6e,CUS-EXP-001,archetype_04,Neutral -> Sad -> Angry -> Angry,1,1.0,0.0,1,1.0
5abc44f0-d74b-412e-a45a-6c1e2c6fd3d4,CUS-EXP-023,archetype_05,Happy -> Neutral -> Surprise -> Happy,2,1.0,0.0,3,1.0
5b17906b-7b2c-41f9-8d77-f8d9d0bb9681,CUS-EXP-024,archetype_02,Happy -> Happy -> Happy -> Happy,5,1.0,0.0,4,1.0
5b225da6-39ec-49d7-b38d-55d3c58c5d45,CUS-EXP-025,archetype_04,Neutral -> Sad -> Angry -> Angry,1,1.0,0.0,1,1.0
5e00bbf1-46f8-47fe-987f-c82b35ea5d6d,CUS-EXP-019,archetype_04,Neutral -> Sad -> Angry -> Angry,1,1.0,0.0,1,1.0
61fa38b4-188e-4b70-a388-810199f77be4,CUS-EXP-003,archetype_01,Neutral -> Neutral -> Neutral -> Neutral,3,1.0,0.0,2,1.0
642f5b6c-948b-4bcb-a6bf-bd28afd271da,CUS-EXP-005,archetype_01,Neutral -> Neutral -> Neutral -> Neutral,3,1.0,0.0,2,1.0
6a316f47-669c-4bbf-8203-ddf8049dcaf4,CUS-EXP-012,archetype_01,Neutral -> Neutral -> Neutral -> Neutral,3,1.0,0.0,2,1.0
6abed6bc-550e-4cc5-bbb4-e43c9912d091,CUS-EXP-005,archetype_04,Neutral -> Sad -> Angry -> Angry,1,1.0,0.0,1,1.0
6b7754df-ec81-4815-9d08-224767fddb9b,CUS-EXP-004,archetype_05,Happy -> Neutral -> Surprise -> Happy,2,1.0,0.0,3,1.0
6dc32d4e-4d32-48d3-b12e-36e79fd1db8b,CUS-EXP-009,archetype_02,Happy -> Happy -> Happy -> Happy,5,1.0,0.0,4,1.0
6ea10072-35aa-44af-a73d-9f5758a7e03f,CUS-EXP-019,archetype_01,Neutral -> Neutral -> Neutral -> Neutral,3,1.0,0.0,2,1.0
70938f47-3d6a-4998-9a5d-74ee9869d8f9,CUS-EXP-021,archetype_05,Happy -> Neutral -> Surprise -> Happy,2,1.0,0.0,3,1.0
721211bc-3a40-45a9-a024-7ed3bad8a48b,CUS-EXP-011,archetype_04,Neutral -> Sad -> Angry -> Angry,1,1.0,0.0,1,1.0
75b4e204-634f-4250-ab1a-5fa57b193935,CUS-EXP-007,archetype_03,Neutral -> Surprise -> Happy -> Happy,4,1.0,0.0,3,1.0
77140d7a-bbcf-4be9-a5c5-b65740a40f5c,CUS-EXP-007,archetype_01,Neutral -> Neutral -> Neutral -> Neutral,3,1.0,0.0,2,1.0
7a668649-a933-4b65-ac1a-7236ee288f4f,CUS-EXP-014,archetype_01,Neutral -> Neutral -> Neutral -> Neutral,3,1.0,0.0,2,1.0
7a7eaa0a-a92e-4bb0-a7ef-0a8e89d830ea,CUS-EXP-010,archetype_04,Neutral -> Sad -> Angry -> Angry,1,1.0,0.0,1,1.0
7b08a146-ff0d-4980-9b24-dd0225d9a09c,CUS-EXP-004,archetype_01,Neutral -> Neutral -> Neutral -> Neutral,3,1.0,0.0,2,1.0
7b23e15c-a0b7-41ce-9f6b-8beecb111c9a,CUS-EXP-020,archetype_05,Happy -> Neutral -> Surprise -> Happy,2,1.0,0.0,3,1.0
7cfd478d-07bd-47d6-8dca-e3b20bd8163c,CUS-EXP-006,archetype_04,Neutral -> Sad -> Angry -> Angry,1,1.0,0.0,1,1.0
8386277e-4a2f-4530-89eb-049b0fee73e7,CUS-EXP-013,archetype_02,Happy -> Happy -> Happy -> Happy,5,1.0,0.0,4,1.0
84397384-ed35-481c-9f78-0b59ec389d81,CUS-EXP-014,archetype_05,Happy -> Neutral -> Surprise -> Happy,2,1.0,0.0,3,1.0
84fe4972-8fcc-4686-a87c-34c239121023,CUS-EXP-009,archetype_03,Neutral -> Surprise -> Happy -> Happy,4,1.0,0.0,3,1.0
8da61ff9-d6ab-4981-a69c-1f95b0e7c07e,CUS-EXP-024,archetype_01,Neutral -> Neutral -> Neutral -> Neutral,3,1.0,0.0,2,1.0
8dbc805a-4d8f-48a8-bcf0-6cec4e9d3aa4,CUS-EXP-023,archetype_04,Neutral -> Sad -> Angry -> Angry,1,1.0,0.0,1,1.0
91f7d9ff-fd0e-481e-903f-3f2def3593ee,CUS-EXP-017,archetype_04,Neutral -> Sad -> Angry -> Angry,1,1.0,0.0,1,1.0
92e0e657-91ba-4e83-bfef-3b2532037f92,CUS-EXP-005,archetype_03,Neutral -> Surprise -> Happy -> Happy,4,1.0,0.0,3,1.0
94170b17-2afd-455b-9961-2cb1e9c6e443,CUS-EXP-011,archetype_01,Neutral -> Neutral -> Neutral -> Neutral,3,1.0,0.0,2,1.0
94cf0da1-379e-4239-bda0-67dc6fad6a0d,CUS-EXP-018,archetype_05,Happy -> Neutral -> Surprise -> Happy,2,1.0,0.0,3,1.0
97ad5631-2274-4aaa-b393-8cc289527fdd,CUS-EXP-006,archetype_02,Happy -> Happy -> Happy -> Happy,5,1.0,0.0,4,1.0
98d779e6-9bc0-44f4-a950-654115c153cd,CUS-EXP-012,archetype_05,Happy -> Neutral -> Surprise -> Happy,2,1.0,0.0,3,1.0
9925d8b5-d151-42f5-8abf-5f4e25abb810,CUS-EXP-009,archetype_04,Neutral -> Sad -> Angry -> Angry,1,1.0,0.0,1,1.0
998242c4-f141-4763-a70d-1cf0274a5a78,CUS-EXP-001,archetype_02,Happy -> Happy -> Happy -> Happy,5,1.0,0.0,4,1.0
9ad42dfc-f807-4e9f-a348-1335c1d264f3,CUS-EXP-005,archetype_02,Happy -> Happy -> Happy -> Happy,5,1.0,0.0,4,1.0
a060b9b9-be40-4826-a874-4176d6721887,CUS-EXP-022,archetype_03,Neutral -> Surprise -> Happy -> Happy,4,1.0,0.0,3,1.0
a31c324d-5c83-4241-afc0-6bc9591767ad,CUS-EXP-021,archetype_03,Neutral -> Surprise -> Happy -> Happy,4,1.0,0.0,3,1.0
a55c3348-84ee-4c0a-94f6-6b7101d5ae21,CUS-EXP-003,archetype_04,Neutral -> Sad -> Angry -> Angry,1,1.0,0.0,1,1.0
a5859bb3-7314-447c-b837-f72a986b5853,CUS-EXP-017,archetype_02,Happy -> Happy -> Happy -> Happy,5,1.0,0.0,4,1.0
a616b461-6c2b-467a-9156-ea108f475e4a,CUS-EXP-012,archetype_04,Neutral -> Sad -> Angry -> Angry,1,1.0,0.0,1,1.0
a68b54a2-0f4e-44d7-935d-c8cdc8f9361e,CUS-EXP-023,archetype_01,Neutral -> Neutral -> Neutral -> Neutral,3,1.0,0.0,2,1.0
a935000f-618f-4db1-a35d-385ea65e6355,CUS-EXP-010,archetype_02,Happy -> Happy -> Happy -> Happy,5,1.0,0.0,4,1.0
af0f225e-d946-49a1-abc7-5c3e403f36cc,CUS-EXP-025,archetype_03,Neutral -> Surprise -> Happy -> Happy,4,1.0,0.0,3,1.0
af3db60b-1b21-4d9b-bcf4-0ea61fc14f8e,CUS-EXP-003,archetype_05,Happy -> Neutral -> Surprise -> Happy,2,1.0,0.0,3,1.0
b256fb0f-9d04-46e1-9879-a13828c3c6e4,CUS-EXP-013,archetype_04,Neutral -> Sad -> Angry -> Angry,1,1.0,0.0,1,1.0
b2692787-9c35-4ab3-8796-f82b4fa2ec94,CUS-EXP-020,archetype_01,Neutral -> Neutral -> Neutral -> Neutral,3,1.0,0.0,2,1.0
b781a3ed-1efd-416e-8997-67047f4c3b5e,CUS-EXP-016,archetype_03,Neutral -> Surprise -> Happy -> Happy,4,1.0,0.0,3,1.0
b7eb52ce-4a54-4682-a473-dc87abcb136e,CUS-EXP-004,archetype_02,Happy -> Happy -> Happy -> Happy,5,1.0,0.0,4,1.0
bc3a4bd6-2116-4dc7-8462-e0b752fc35b9,CUS-EXP-002,archetype_05,Happy -> Neutral -> Surprise -> Happy,2,1.0,0.0,3,1.0
bf7e8834-9801-4726-8b9d-c7e04bc9f16c,CUS-EXP-002,archetype_01,Neutral -> Neutral -> Neutral -> Neutral,3,1.0,0.0,2,1.0
c2b9a3d5-d80a-4057-97db-adef4c6a632b,CUS-EXP-016,archetype_02,Happy -> Happy -> Happy -> Happy,5,1.0,0.0,4,1.0
c37d808c-f3bf-44ef-97c4-9c45fd0ef679,CUS-EXP-003,archetype_03,Neutral -> Surprise -> Happy -> Happy,4,1.0,0.0,3,1.0
c76d0f2a-b9e2-4056-9211-19f36c06b186,CUS-EXP-004,archetype_03,Neutral -> Surprise -> Happy -> Happy,4,1.0,0.0,3,1.0
c88b6ed9-867b-4d10-bbe7-4f24f19bd85d,CUS-EXP-014,archetype_02,Happy -> Happy -> Happy -> Happy,5,1.0,0.0,4,1.0
ca09cc50-1efd-4cfe-bb3c-8cbfa67f2011,CUS-EXP-025,archetype_02,Happy -> Happy -> Happy -> Happy,5,1.0,0.0,4,1.0
ca1f3b9f-f4c8-4e49-96dd-084aea0523ff,CUS-EXP-016,archetype_04,Neutral -> Sad -> Angry -> Angry,1,1.0,0.0,1,1.0
d2cbef34-a21d-47e9-8c55-0983789daba5,CUS-EXP-012,archetype_03,Neutral -> Surprise -> Happy -> Happy,4,1.0,0.0,3,1.0
d3b1f234-eb77-43d8-992d-4170fdbaa8c6,CUS-EXP-019,archetype_03,Neutral -> Surprise -> Happy -> Happy,4,1.0,0.0,3,1.0
d7851873-e96f-4c25-b2b8-cccf929604a3,CUS-EXP-023,archetype_02,Happy -> Happy -> Happy -> Happy,5,1.0,0.0,4,1.0
d9d4eea3-8595-4c5e-b624-9403cfebb1f7,CUS-EXP-001,archetype_01,Neutral -> Neutral -> Neutral -> Neutral,3,1.0,0.0,2,1.0
d9fd74a6-23c6-47cd-a6c4-b5ca6ee919ff,CUS-EXP-021,archetype_02,Happy -> Happy -> Happy -> Happy,5,1.0,0.0,4,1.0
db250b5e-7c00-453c-9414-4334fbc49b83,CUS-EXP-017,archetype_05,Happy -> Neutral -> Surprise -> Happy,2,1.0,0.0,3,1.0
dcd782c9-f6d3-4c6e-8766-54bb8e779bfb,CUS-EXP-016,archetype_01,Neutral -> Neutral -> Neutral -> Neutral,3,1.0,0.0,2,1.0
dd4adc91-3ba2-4e2a-ac7d-6a7a43b840d2,CUS-EXP-010,archetype_01,Neutral -> Neutral -> Neutral -> Neutral,3,1.0,0.0,2,1.0
e091e155-e29f-41e4-9a2f-7be788ff1bf6,CUS-EXP-001,archetype_05,Happy -> Neutral -> Surprise -> Happy,2,1.0,0.0,3,1.0
e1b155fc-9fbc-4080-b0c7-60e8d2438cc9,CUS-EXP-024,archetype_03,Neutral -> Surprise -> Happy -> Happy,4,1.0,0.0,3,1.0
e7dfa77f-c220-4a07-bfb7-c46f4458f746,CUS-EXP-020,archetype_03,Neutral -> Surprise -> Happy -> Happy,4,1.0,0.0,3,1.0
e8fd9b67-95ac-48a4-8f67-0cc5422cd99d,CUS-EXP-008,archetype_04,Neutral -> Sad -> Angry -> Angry,1,1.0,0.0,1,1.0
ea127e3d-c509-4909-a3a8-49c9b6161d14,CUS-EXP-004,archetype_04,Neutral -> Sad -> Angry -> Angry,1,1.0,0.0,1,1.0
ec9e7c0d-46f8-4c0c-a9e0-f7d0f304c60f,CUS-EXP-006,archetype_05,Happy -> Neutral -> Surprise -> Happy,2,1.0,0.0,3,1.0
ed549339-1468-47c8-b246-f8002db160b1,CUS-EXP-022,archetype_05,Happy -> Neutral -> Surprise -> Happy,2,1.0,0.0,3,1.0
eeb4882a-5cf6-4563-b37b-e9a35a1531b0,CUS-EXP-018,archetype_03,Neutral -> Surprise -> Happy -> Happy,4,1.0,0.0,3,1.0
f2290153-3032-4472-8f93-4ff90a0f7b2b,CUS-EXP-018,archetype_02,Happy -> Happy -> Happy -> Happy,5,1.0,0.0,4,1.0
f2a783da-0e82-4d1a-8bb3-d1c1fc70370d,CUS-EXP-013,archetype_03,Neutral -> Surprise -> Happy -> Happy,4,1.0,0.0,3,1.0
f912f73d-ece7-4141-80e1-8f51886224db,CUS-EXP-023,archetype_03,Neutral -> Surprise -> Happy -> Happy,4,1.0,0.0,3,1.0
fdfed50f-e276-4647-8e32-6d25570bde42,CUS-EXP-017,archetype_01,Neutral -> Neutral -> Neutral -> Neutral,3,1.0,0.0,2,1.0
fe507624-d497-4300-af81-df667fef0c4d,CUS-EXP-006,archetype_03,Neutral -> Surprise -> Happy -> Happy,4,1.0,0.0,3,1.0
ff9f8f96-007f-48b5-bac3-e562fbac4fd2,CUS-EXP-012,archetype_02,Happy -> Happy -> Happy -> Happy,5,1.0,0.0,4,1.0
